coin,entry_ts,exit_ts,entry,exit,pnl,reason,quantity
PEPE,1788220920000,1788220980000,3.5500000000000003e-06,3.5600000000000002e-06,21.35880258359014,target,3314011262.0
PEPE,1788221520000,1788221640000,3.5600000000000002e-06,3.57e-06,21.323154391111345,target,3313621506.0
PEPE,1788222720000,1788223020000,3.5600000000000002e-06,3.57e-06,21.327700184505282,target,3314327923.0
PEPE,1788223920000,1788223980000,3.5600000000000002e-06,3.57e-06,21.332246956019063,target,3315034492.0
PEPE,1788224580000,1788224700000,3.5600000000000002e-06,3.57e-06,21.336794692783563,target,3315741211.0
PEPE,1788225300000,1788225360000,3.54e-06,3.55e-06,21.421859019846238,target,3318645859.0
PEPE,1788225720000,1788225780000,3.5500000000000003e-06,3.5600000000000002e-06,21.38616332295958,target,3318256528.0
PEPE,1788226620000,1788226680000,3.5500000000000003e-06,3.5600000000000002e-06,21.390731152259402,target,3318965268.0
PEPE,1788227220000,1788227280000,3.5600000000000002e-06,3.57e-06,21.355029674550636,target,3318574930.0
PEPE,1788227820000,1788227880000,3.5500000000000003e-06,3.5600000000000002e-06,21.39986113926024,target,3320381868.0
PEPE,1788228420000,1788228600000,3.5500000000000003e-06,3.5600000000000002e-06,21.404431888145545,target,3321091061.0
PEPE,1788229620000,1788229680000,3.5500000000000003e-06,3.5600000000000002e-06,21.40900362311422,target,3321800407.0
PEPE,1788230340000,1788230400000,3.54e-06,3.55e-06,21.453907720455856,target,3323610801.0
PEPE,1788231180000,1788231300000,3.54e-06,3.55e-06,21.45849865200975,target,3324322022.0
PEPE,1788231720000,1788231780000,3.5500000000000003e-06,3.5600000000000002e-06,21.42274190112718,target,3323932025.0
PEPE,1788233940000,1788234000000,3.57e-06,3.58e-06,21.34668314872489,target,3322440957.0
PEPE,1788235020000,1788235200000,3.5600000000000002e-06,3.57e-06,21.391537810500274,target,3324248300.0
PEPE,1788236220000,1788236280000,3.5500000000000003e-06,3.5600000000000002e-06,21.436445917514085,target,3326058327.0
PEPE,1788236820000,1788236880000,3.5600000000000002e-06,3.57e-06,21.400668135991893,target,3325667154.0
PEPE,1788237420000,1788237480000,3.5500000000000003e-06,3.5600000000000002e-06,21.445595413529603,target,3327477954.0
PEPE,1788238020000,1788238140000,3.54e-06,3.5e-06,-150.71702362461068,stop,3329291443.0
PEPE,1788239220000,1788239280000,3.54e-06,3.55e-06,21.45832428309477,target,3324295009.0
PEPE,1788239820000,1788239880000,3.53e-06,3.54e-06,21.503291232689882,target,3326108466.0
PEPE,1788241320000,1788241380000,3.5500000000000003e-06,3.5600000000000002e-06,21.427160670467458,target,3324617637.0
PEPE,1788307320000,1788307380000,3.4700000000000002e-06,3.48e-06,21.755412791999728,target,3334162880.0
PEPE,1788309540000,1788309720000,3.4600000000000003e-06,3.4700000000000002e-06,21.800718881778188,target,3335993708.0
PEPE,1788310920000,1788310980000,3.4600000000000003e-06,3.4700000000000002e-06,21.8054543976448,target,3336718347.0
PEPE,1788312120000,1788312180000,3.4700000000000002e-06,3.48e-06,21.769584087149816,target,3336334726.0
PEPE,1788312780000,1788312900000,3.4600000000000003e-06,3.4700000000000002e-06,21.814919685111672,target,3338166746.0
PEPE,1788316020000,1788316080000,3.4700000000000002e-06,3.48e-06,21.77903380747493,target,3337782959.0
PEPE,1788317820000,1788317880000,3.4700000000000002e-06,3.48e-06,21.783755799900064,target,3338506636.0
PEPE,1788319740000,1788319800000,3.49e-06,3.5e-06,21.707275562610455,target,3337013922.0
PEPE,1788320220000,1788320280000,3.48e-06,3.49e-06,21.752561376231398,target,3338842882.0
PEPE,1788321060000,1788321120000,3.4700000000000002e-06,3.48e-06,21.797901510525936,target,3340674561.0
PEPE,1788323520000,1788323580000,3.4600000000000003e-06,3.4700000000000002e-06,21.843296086275558,target,3342508965.0
PEPE,1788324120000,1788324180000,3.4700000000000002e-06,3.48e-06,21.80736352395103,target,3342124678.0
PEPE,1788324720000,1788324780000,3.4700000000000002e-06,3.48e-06,21.812091662926143,target,3342849297.0
PEPE,1788325320000,1788326280000,3.4700000000000002e-06,3.48e-06,21.81682081980062,target,3343574072.0
PEPE,1788326820000,1788326880000,3.4700000000000002e-06,3.48e-06,21.821551007626336,target,3344299005.0
PEPE,1788327480000,1788327540000,3.4600000000000003e-06,3.4700000000000002e-06,21.866994832465792,target,3346135399.0
PEPE,1788328620000,1788328680000,3.4600000000000003e-06,3.4700000000000002e-06,21.87174473839981,target,3346862240.0
PEPE,1788329220000,1788329340000,3.4600000000000003e-06,3.4700000000000002e-06,21.876495683399995,target,3347589240.0
PEPE,1788329820000,1788329880000,3.45e-06,3.46e-06,21.922013878379556,target,3349429164.0
PEPE,1788331320000,1788331380000,3.4600000000000003e-06,3.4700000000000002e-06,21.886009512845366,target,3349045067.0
PEPE,1788333720000,1788333780000,3.4600000000000003e-06,3.4700000000000002e-06,21.8907635554376,target,3349772541.0
PEPE,1788334920000,1788335040000,3.45e-06,3.46e-06,21.93631143742573,target,3351613665.0
PEPE,1788335580000,1788335760000,3.45e-06,3.46e-06,21.941085281885897,target,3352343053.0
PEPE,1788336780000,1788336840000,3.45e-06,3.46e-06,21.945860167002134,target,3353072600.0
PEPE,1788393720000,1788393780000,3.43e-06,3.44e-06,22.032356434920754,target,3356032968.0
PEPE,1788394560000,1788394680000,3.41e-06,3.42e-06,22.11901603384416,target,3359000157.0
PEPE,1788395220000,1788395280000,3.41e-06,3.42e-06,22.12386550441535,target,3359736599.0
PEPE,1788396360000,1788396420000,3.4e-06,3.41e-06,22.169698376053304,target,3361591869.0
PEPE,1788396780000,1788396900000,3.41e-06,3.42e-06,22.13357662121988,target,3361211332.0
PEPE,1788398940000,1788399000000,3.44e-06,3.45e-06,22.015591870303492,target,3358595251.0
PEPE,1788399420000,1788399480000,3.44e-06,3.45e-06,22.020391880489033,target,3359327518.0
PEPE,1788400260000,1788400320000,3.43e-06,3.44e-06,22.06612935526993,target,3361177358.0
PEPE,1788400620000,1788402480000,3.45e-06,3.44e-06,-50.94950140170052,time,3359676980.0
PEPE,1788403020000,1788403080000,3.4700000000000002e-06,3.48e-06,21.89628453397429,target,3355752419.0
PEPE,1788404820000,1788404880000,3.4600000000000003e-06,3.4700000000000002e-06,21.941883991570606,target,3357595102.0
PEPE,1788405420000,1788405480000,3.4600000000000003e-06,3.4700000000000002e-06,21.94665016965428,target,3358324433.0
PEPE,1788406020000,1788406080000,3.4600000000000003e-06,3.4700000000000002e-06,21.95141738026864,target,3359053922.0
PEPE,1788406920000,1788407040000,3.45e-06,3.46e-06,21.99709146865904,target,3360900148.0
PEPE,1788407820000,1788407880000,3.45e-06,3.46e-06,22.001878540565563,target,3361631557.0
PEPE,1788409020000,1788409080000,3.44e-06,3.45e-06,22.047617502706785,target,3363480931.0
PEPE,1788409620000,1788409680000,3.44e-06,3.45e-06,22.0524245005196,target,3364214264.0
PEPE,1788410220000,1788410280000,3.43e-06,3.44e-06,22.098228502611743,target,3366066794.0
PEPE,1788410820000,1788410880000,3.44e-06,3.45e-06,22.062050570461636,target,3365682772.0
PEPE,1788412020000,1788412080000,3.45e-06,3.46e-06,22.025874114090286,target,3365297802.0
PEPE,1788412680000,1788412920000,3.45e-06,3.41e-06,-151.92577163267958,stop,3366030168.0
PEPE,1788414720000,1788414780000,3.44e-06,3.45e-06,22.038538919475478,target,3362095945.0
PEPE,1788415320000,1788415380000,3.45e-06,3.46e-06,22.002401014825914,target,3361711385.0
PEPE,1788416700000,1788416760000,3.45e-06,3.46e-06,22.007189245193686,target,3362442971.0
PEPE,1788480120000,1788480180000,3.7e-06,3.71e-06,20.99673538623449,target,3335462333.0
PEPE,1788480720000,1788480780000,3.6900000000000002e-06,3.7e-06,21.041390751096408,target,3337254679.0
PEPE,1788481560000,1788481620000,3.6900000000000002e-06,3.7e-06,21.04576702007073,target,3337948774.0
PEPE,1788482220000,1788482280000,3.7e-06,3.71e-06,21.00983069218163,target,3337542604.0
PEPE,1788482820000,1788482880000,3.6900000000000002e-06,3.7e-06,21.054513908740937,target,3339336068.0
PEPE,1788486720000,1788486780000,3.65e-06,3.66e-06,21.220480257885445,target,3344441333.0
PEPE,1788487320000,1788488220000,3.66e-06,3.67e-06,21.18448233275442,target,3344038253.0
PEPE,1788489480000,1788489540000,3.65e-06,3.66e-06,21.22936748365439,target,3345841999.0
PEPE,1788490620000,1788490680000,3.6800000000000003e-06,3.6900000000000002e-06,21.112510061055335,target,3343231997.0
PEPE,1788491820000,1788491880000,3.67e-06,3.68e-06,21.157326830751472,target,3345031910.0
PEPE,1788493020000,1788493080000,3.66e-06,3.67e-06,21.20219650682131,target,3346834492.0
PEPE,1788493620000,1788493680000,3.66e-06,3.67e-06,21.206631589639763,target,3347534584.0
PEPE,1788494220000,1788494280000,3.66e-06,3.67e-06,21.21106760370474,target,3348234823.0
PEPE,1788494820000,1788494880000,3.66e-06,3.67e-06,21.21550454268079,target,3348935208.0
PEPE,1788496020000,1788496080000,3.6800000000000003e-06,3.6900000000000002e-06,21.13899656667094,target,3347426218.0
PEPE,1788496740000,1788496800000,3.67e-06,3.68e-06,21.18386956675079,target,3349228390.0
PEPE,1788497460000,1788497520000,3.65e-06,3.66e-06,21.269325438405517,target,3352139549.0
PEPE,1788499620000,1788499680000,3.66e-06,3.67e-06,21.233244658569546,target,3351735542.0
PEPE,1788500820000,1788500880000,3.6400000000000003e-06,3.65e-06,21.31880678725088,target,3354650950.0
PEPE,1788502500000,1788502560000,3.63e-06,3.64e-06,21.363892297047204,target,3356463833.0
PEPE,1788503820000,1788503940000,3.62e-06,3.63e-06,21.409031213250273,target,3358279406.0
PEPE,1788505680000,1788505740000,3.6400000000000003e-06,3.65e-06,21.332264732622193,target,3356768644.0
PEPE,1788506220000,1788506280000,3.6400000000000003e-06,3.65e-06,21.336744073434353,target,3357473497.0
PEPE,1788506820000,1788506880000,3.6400000000000003e-06,3.65e-06,21.341224348434594,target,3358178497.0
PEPE,1788567180000,1788567240000,3.5100000000000003e-06,3.52e-06,21.876281065091096,target,3373366394.0
PEPE,1788567720000,1788567780000,3.5100000000000003e-06,3.52e-06,21.880988818414753,target,3374092339.0
PEPE,1788568320000,1788568380000,3.5100000000000003e-06,3.52e-06,21.885697576915,target,3374818439.0
PEPE,1788570420000,1788570480000,3.49e-06,3.5e-06,21.972493695246325,target,3377785349.0
PEPE,1788571620000,1788571680000,3.5000000000000004e-06,3.5100000000000003e-06,21.936174224850284,target,3377394030.0
PEPE,1788572220000,1788572280000,3.49e-06,3.5e-06,21.981978219424818,target,3379243385.0
PEPE,1788572820000,1788572880000,3.49e-06,3.5e-06,21.986726453104687,target,3379973321.0
PEPE,1788573420000,1788573480000,3.49e-06,3.5e-06,21.9914757145751,target,3380703415.0
PEPE,1788574920000,1788574980000,3.48e-06,3.49e-06,22.03735442480127,target,3382556320.0
PEPE,1788575520000,1788575640000,3.48e-06,3.44e-06,-152.85696711084066,stop,3383288338.0
PEPE,1788576120000,1788576180000,3.4600000000000003e-06,3.4700000000000002e-06,22.09127686241047,target,3380455526.0
PEPE,1788577920000,1788577980000,3.45e-06,3.46e-06,22.137241955675506,target,3382313515.0
PEPE,1788578820000,1788578880000,3.4600000000000003e-06,3.4700000000000002e-06,22.10088410314516,target,3381925647.0
PEPE,1788579420000,1788579480000,3.45e-06,3.46e-06,22.146869179435807,target,3383784443.0
PEPE,1788580140000,1788580200000,3.45e-06,3.46e-06,22.151688845439978,target,3384520832.0
PEPE,1788580620000,1788580680000,3.4600000000000003e-06,3.4700000000000002e-06,22.1153072663863,target,3384132711.0
PEPE,1788581220000,1788581280000,3.4600000000000003e-06,3.4700000000000002e-06,22.12011111874527,target,3384867807.0
PEPE,1788581820000,1788581880000,3.45e-06,3.46e-06,22.166136199901054,target,3386728220.0
PEPE,1788582480000,1788582540000,3.4700000000000002e-06,3.48e-06,22.088529114750862,target,3385215190.0
PEPE,1788583020000,1788583080000,3.4700000000000002e-06,3.48e-06,22.09331821027525,target,3385949151.0
PEPE,1788583620000,1788583680000,3.48e-06,3.49e-06,22.056916070625487,target,3385558875.0
PEPE,1788584400000,1788584460000,3.4700000000000002e-06,3.48e-06,22.102890587550622,target,3387416182.0
PEPE,1788584820000,1788584880000,3.4700000000000002e-06,3.48e-06,22.107682802025224,target,3388150621.0
PEPE,1788586920000,1788586980000,3.4700000000000002e-06,3.48e-06,22.112476047451064,target,3388885218.0
PEPE,1788653220000,1788653280000,3.6000000000000003e-06,3.61e-06,21.58343321341859,target,3375048196.0
PEPE,1788654420000,1788654480000,3.61e-06,3.62e-06,21.54711686174637,target,3374646337.0
PEPE,1788655020000,1788655080000,3.62e-06,3.63e-06,21.510802580252395,target,3374243542.0
PEPE,1788655680000,1788655740000,3.61e-06,3.62e-06,21.55620982963486,target,3376070451.0
PEPE,1788656220000,1788656280000,3.61e-06,3.62e-06,21.560762066465735,target,3376783409.0
PEPE,1788657420000,1788657480000,3.63e-06,3.64e-06,21.48356133037079,target,3375264938.0
PEPE,1788658020000,1788658080000,3.63e-06,3.64e-06,21.488081027758753,target,3375975024.0
PEPE,1788659220000,1788659280000,3.63e-06,3.64e-06,21.492601673536484,target,3376685259.0
PEPE,1788660420000,1788660480000,3.6400000000000003e-06,3.65e-06,21.456261026881652,target,3376280256.0
PEPE,1788661020000,1788661080000,3.6400000000000003e-06,3.65e-06,21.46076639777658,target,3376989205.0
PEPE,1788662220000,1788662280000,3.6400000000000003e-06,3.65e-06,21.465272715566854,target,3377698303.0
PEPE,1788664620000,1788664680000,3.66e-06,3.67e-06,21.38808496296475,target,3376177579.0
PEPE,1788666420000,1788667500000,3.6800000000000003e-06,3.6400000000000003e-06,-153.47936911524064,stop,3374656313.0
PEPE,1788671220000,1788671280000,3.63e-06,3.64e-06,21.482878703214507,target,3375157691.0
PEPE,1788672780000,1788672840000,3.63e-06,3.64e-06,21.4873982542094,target,3375867754.0
PEPE,1788673380000,1788673440000,3.65e-06,3.66e-06,21.410241023116047,target,3374348467.0
PEPE,1788673920000,1788673980000,3.65e-06,3.66e-06,21.414728175390874,target,3375055662.0
PEPE,1788674520000,1788674580000,3.65e-06,3.66e-06,21.41921627307025,target,3375763006.0
PEPE,1788675120000,1788675180000,3.6400000000000003e-06,3.65e-06,21.464556360899447,target,3377585580.0
PEPE,1788676620000,1788676680000,3.6400000000000003e-06,3.65e-06,21.469063479419763,target,3378294804.0
PEPE,1788677220000,1788677280000,3.6400000000000003e-06,3.65e-06,21.47357153848088,target,3379004176.0
PEPE,1788677820000,1788677880000,3.63e-06,3.64e-06,21.518984350301178,target,3380830220.0
PEPE,1788678420000,1788678480000,3.6400000000000003e-06,3.65e-06,21.482599095599834,target,3380424720.0
PEPE,1788679320000,1788679380000,3.62e-06,3.63e-06,21.568979038874932,target,3383369261.0
PEPE,1788739920000,1788739980000,3.65e-06,3.66e-06,21.450736437434475,target,3380730723.0
PEPE,1788741120000,1788741180000,3.66e-06,3.67e-06,21.41434791545141,target,3380323270.0
PEPE,1788747720000,1788747780000,3.5900000000000004e-06,3.6000000000000003e-06,21.70564455948044,target,3388859416.0
PEPE,1788749520000,1788749940000,3.6400000000000003e-06,3.6000000000000003e-06,-153.70040493828074,stop,3383980734.0
PEPE,1788750420000,1788750480000,3.61e-06,3.62e-06,21.59568669477148,target,3382253202.0
PEPE,1788751920000,1788751980000,3.58e-06,3.59e-06,21.723280045491688,target,3386325806.0
PEPE,1788753720000,1788753840000,3.57e-06,3.58e-06,21.768967642249834,target,3388166170.0
PEPE,1788754320000,1788754500000,3.58e-06,3.59e-06,21.73251704889518,target,3387765713.0
PEPE,1788754920000,1788754980000,3.58e-06,3.59e-06,21.73713266063993,target,3388485216.0
PEPE,1788755520000,1788755580000,3.58e-06,3.59e-06,21.741749253879302,target,3389204872.0
PEPE,1788757320000,1788757380000,3.5900000000000004e-06,3.6000000000000003e-06,21.705285155716304,target,3388803303.0
PEPE,1788757980000,1788758040000,3.6000000000000003e-06,3.61e-06,21.668823071237007,target,3388400793.0
PEPE,1788760380000,1788760440000,3.6000000000000003e-06,3.61e-06,21.67340777463579,target,3389117713.0
PEPE,1788761220000,1788761280000,3.6000000000000003e-06,3.61e-06,21.67799345007488,target,3389834785.0
PEPE,1788761940000,1788762000000,3.61e-06,3.62e-06,21.64151798852594,target,3389431165.0
PEPE,1788763140000,1788763200000,3.5900000000000004e-06,3.6000000000000003e-06,21.728256970035805,target,3392389847.0
PEPE,1788764280000,1788764340000,3.5900000000000004e-06,3.6000000000000003e-06,21.73286295925538,target,3393108971.0
PEPE,1788766080000,1788766140000,3.58e-06,3.59e-06,21.778612512518972,target,3394951288.0
PEPE,1788768480000,1788768540000,3.5600000000000002e-06,3.57e-06,21.865622323543576,target,3397921107.0
PEPE,1788769020000,1788769080000,3.57e-06,3.58e-06,21.82906914182611,target,3397520489.0
PEPE,1788769620000,1788769680000,3.58e-06,3.59e-06,21.79251791029119,target,3397118926.0
PEPE,1788770220000,1788770280000,3.58e-06,3.59e-06,21.79714626864057,target,3397840416.0
PEPE,1788770820000,1788770880000,3.5900000000000004e-06,3.6000000000000003e-06,21.760589262721155,target,3397437824.0
PEPE,1788771420000,1788771480000,3.58e-06,3.59e-06,21.80639717976532,target,3399282491.0
PEPE,1788825720000,1788825780000,3.62e-06,3.63e-06,21.646376581498984,target,3395510052.0
PEPE,1788826320000,1788826380000,3.61e-06,3.62e-06,21.692070019259358,target,3397348476.0
PEPE,1788826980000,1788827100000,3.61e-06,3.62e-06,21.696650943897012,target,3398065927.0
PEPE,1788827940000,1788828000000,3.62e-06,3.63e-06,21.660084648375843,target,3397660337.0
PEPE,1788828420000,1788828540000,3.63e-06,3.64e-06,21.62352047519113,target,3397253806.0
PEPE,1788829020000,1788829200000,3.6400000000000003e-06,3.65e-06,21.58695846528049,target,3396846336.0
PEPE,1788829620000,1788829680000,3.63e-06,3.64e-06,21.632611070029654,target,3398682022.0
PEPE,1788830220000,1788830280000,3.63e-06,3.64e-06,21.637162121410167,target,3399397034.0
PEPE,1788831480000,1788831540000,3.6400000000000003e-06,3.65e-06,21.600577045985414,target,3398989307.0
PEPE,1788832020000,1788832080000,3.6400000000000003e-06,3.65e-06,21.605112723874853,target,3399703025.0
PEPE,1788832620000,1788832680000,3.6400000000000003e-06,3.65e-06,21.609649348661453,target,3400416892.0
PEPE,1788833220000,1788833280000,3.65e-06,3.66e-06,21.573051102629762,target,3400008054.0
PEPE,1788834420000,1788834480000,3.66e-06,3.67e-06,21.536455084793833,target,3399598277.0
PEPE,1788835320000,1788835380000,3.63e-06,3.64e-06,21.66441929189097,target,3403679386.0
PEPE,1788839220000,1788840120000,3.61e-06,3.62e-06,21.751436561649076,target,3406646290.0
PEPE,1788840420000,1788840480000,3.6000000000000003e-06,3.61e-06,21.797309409600803,target,3408492480.0
PEPE,1788841320000,1788841380000,3.6000000000000003e-06,3.61e-06,21.801921291749945,target,3409213650.0
PEPE,1788841920000,1788841980000,3.5900000000000004e-06,3.6000000000000003e-06,21.84785832925562,target,3411062971.0
PEPE,1788843240000,1788843300000,3.5900000000000004e-06,3.6000000000000003e-06,21.85248966946557,target,3411786053.0
PEPE,1788844920000,1788844980000,3.62e-06,3.63e-06,21.733178893875877,target,3409126101.0
PEPE,1788845640000,1788847140000,3.62e-06,3.58e-06,-154.77284979824924,stop,3409844675.0
PEPE,1788847920000,1788848100000,3.5900000000000004e-06,3.6000000000000003e-06,21.82892003806587,target,3408106173.0
PEPE,1788850920000,1788850980000,3.58e-06,3.59e-06,21.87487180069569,target,3409956633.0
PEPE,1788853320000,1788853860000,3.62e-06,3.58e-06,-154.6061628757211,stop,3406172348.0
PEPE,1788912720000,1788912780000,3.6800000000000003e-06,3.6900000000000002e-06,21.435195238259368,target,3394330204.0
PEPE,1788913320000,1788913620000,3.7300000000000003e-06,3.6900000000000002e-06,-154.4063065555208,stop,3389448064.0
PEPE,1788913920000,1788913980000,3.6900000000000002e-06,3.7e-06,21.366539954175465,target,3388824735.0
PEPE,1788914520000,1788914580000,3.6900000000000002e-06,3.7e-06,21.370983850579776,target,3389529556.0
PEPE,1788915420000,1788915480000,3.6900000000000002e-06,3.7e-06,21.375428667515102,target,3390234523.0
PEPE,1788916020000,1788916260000,3.6800000000000003e-06,3.6900000000000002e-06,21.420846402616153,target,3392058021.0
PEPE,1788919920000,1788920280000,3.65e-06,3.61e-06,-154.30294614481508,stop,3396125149.0
PEPE,1788920820000,1788920880000,3.63e-06,3.64e-06,21.598156771275622,target,3393268935.0
PEPE,1788921420000,1788921480000,3.63e-06,3.64e-06,21.602700579284154,target,3393982809.0
PEPE,1788922020000,1788922080000,3.6400000000000003e-06,3.65e-06,21.566173770504292,target,3393575731.0
PEPE,1788922620000,1788922680000,3.6400000000000003e-06,3.65e-06,21.570702222761547,target,3394288312.0
PEPE,1788923280000,1788923460000,3.6400000000000003e-06,3.65e-06,21.575231628265037,target,3395001043.0
PEPE,1788923820000,1788923880000,3.63e-06,3.64e-06,21.62085942781662,target,3396835731.0
PEPE,1788924420000,1788924480000,3.63e-06,3.64e-06,21.625408009573484,target,3397550355.0
PEPE,1788925020000,1788925080000,3.6400000000000003e-06,3.65e-06,21.58884280539615,target,3397142849.0
PEPE,1788925620000,1788925680000,3.6400000000000003e-06,3.65e-06,21.593376023899157,target,3397856180.0
PEPE,1788926220000,1788926280000,3.6400000000000003e-06,3.65e-06,21.597910189301142,target,3398569660.0
PEPE,1788926820000,1788926880000,3.6800000000000003e-06,3.6900000000000002e-06,21.438154087305477,target,3394798747.0
PEPE,1788927420000,1788927480000,3.66e-06,3.67e-06,21.524729918369378,target,3397747422.0
PEPE,1788928260000,1788928320000,3.6800000000000003e-06,3.6900000000000002e-06,21.447106799655668,target,3396216437.0
PEPE,1788928620000,1788928680000,3.6900000000000002e-06,3.7e-06,21.410545235105513,target,3395804161.0
PEPE,1788929880000,1788929940000,3.7200000000000004e-06,3.7300000000000003e-06,21.2920425924489,target,3393154198.0
PEPE,1788930420000,1788930480000,3.7e-06,3.71e-06,21.378405957485423,target,3396093083.0
PEPE,1788932520000,1788932580000,3.6800000000000003e-06,3.6900000000000002e-06,21.464929358926355,target,3399038695.0
PEPE,1788998520000,1788998580000,3.4700000000000002e-06,3.48e-06,22.338065296575667,target,3423458283.0
PEPE,1788999180000,1788999240000,3.4700000000000002e-06,3.48e-06,22.342908497399648,target,3424200536.0
PEPE,1788999720000,1788999780000,3.4600000000000003e-06,3.4700000000000002e-06,22.38943805413892,target,3426080804.0
PEPE,1789000320000,1789000380000,3.4600000000000003e-06,3.4700000000000002e-06,22.394301446883905,target,3426825011.0
PEPE,1789001820000,1789001880000,3.45e-06,3.46e-06,22.440897040870915,target,3428708486.0
PEPE,1789002420000,1789002480000,3.4700000000000002e-06,3.48e-06,22.362327974026837,target,3427176701.0
PEPE,1789003020000,1789003080000,3.4700000000000002e-06,3.48e-06,22.36717643400206,target,3427919760.0
PEPE,1789003620000,1789003680000,3.4600000000000003e-06,3.4700000000000002e-06,22.41375653398423,target,3429802071.0
PEPE,1789005720000,1789005780000,3.44e-06,3.45e-06,22.50218776942415,target,3432828035.0
PEPE,1789006920000,1789006980000,3.44e-06,3.45e-06,22.507093872286163,target,3433576487.0
PEPE,1789008120000,1789008180000,3.4600000000000003e-06,3.4700000000000002e-06,22.428402044063873,target,3432043159.0
PEPE,1789008720000,1789008780000,3.4700000000000002e-06,3.48e-06,22.391506971450617,target,3431648578.0
PEPE,1789009320000,1789009380000,3.4700000000000002e-06,3.48e-06,22.39636176067488,target,3432392607.0
PEPE,1789009920000,1789009980000,3.4700000000000002e-06,3.48e-06,22.40121760042365,target,3433136797.0
PEPE,1789010520000,1789010580000,3.4700000000000002e-06,3.48e-06,22.406074490700576,target,3433881148.0
PEPE,1789011720000,1789011780000,3.4600000000000003e-06,3.4700000000000002e-06,22.452735593620027,target,3435766732.0
PEPE,1789012320000,1789012380000,3.4600000000000003e-06,3.4700000000000002e-06,22.4576127425392,target,3436513044.0
PEPE,1789012920000,1789012980000,3.4600000000000003e-06,3.4700000000000002e-06,22.462490943595526,target,3437259517.0
PEPE,1789013580000,1789013640000,3.4700000000000002e-06,3.48e-06,22.425539798926398,target,3436864337.0
PEPE,1789014120000,1789014540000,3.4700000000000002e-06,3.48e-06,22.43040196139917,target,3437609496.0
PEPE,1789015020000,1789015440000,3.4700000000000002e-06,3.48e-06,22.43526518092513,target,3438354817.0
PEPE,1789015920000,1789015980000,3.4600000000000003e-06,3.4700000000000002e-06,22.481987077031857,target,3440242858.0
PEPE,1789016520000,1789016580000,3.4600000000000003e-06,3.4700000000000002e-06,22.486870571434977,target,3440990141.0
PEPE,1789017120000,1789017180000,3.4600000000000003e-06,3.4700000000000002e-06,22.491755131046222,target,3441737587.0
PEPE,1789085220000,1789085280000,3.2400000000000003e-06,3.2500000000000002e-06,23.425201593360605,target,3467831472.0
PEPE,1789085940000,1789086000000,3.2500000000000002e-06,3.26e-06,23.387986531355615,target,3467455379.0
PEPE,1789086420000,1789086480000,3.2500000000000002e-06,3.26e-06,23.3932669220553,target,3468238239.0
PEPE,1789087020000,1789087080000,3.2500000000000002e-06,3.26e-06,23.398548506620457,target,3469021276.0
PEPE,1789087620000,1789087680000,3.2500000000000002e-06,3.26e-06,23.403831278305095,target,3469804489.0
PEPE,1789088820000,1789088880000,3.27e-06,3.28e-06,23.324096866200165,target,3468267192.0
PEPE,1789089420000,1789089480000,3.26e-06,3.27e-06,23.37184823988158,target,3470207608.0
PEPE,1789090020000,1789090080000,3.26e-06,3.27e-06,23.37711540050854,target,3470989666.0
PEPE,1789090620000,1789090680000,3.27e-06,3.28e-06,23.33986005099954,target,3470611160.0
PEPE,1789091220000,1789091280000,3.26e-06,3.27e-06,23.387643693944938,target,3472552887.0
PEPE,1789092420000,1789092540000,3.2800000000000004e-06,3.2900000000000003e-06,23.30785717009017,target,3471013726.0
PEPE,1789093020000,1789093080000,3.2800000000000004e-06,3.2900000000000003e-06,23.31309080751593,target,3471793121.0
PEPE,1789093620000,1789093740000,3.27e-06,3.28e-06,23.360859125775086,target,3473733699.0
PEPE,1789094520000,1789094580000,3.27e-06,3.28e-06,23.3661142358,target,3474515128.0
PEPE,1789095120000,1789095180000,3.2800000000000004e-06,3.2900000000000003e-06,23.32881788814514,target,3474135203.0
PEPE,1789095720000,1789095780000,3.2800000000000004e-06,3.2900000000000003e-06,23.33405623278392,target,3474915299.0
PEPE,1789096320000,1789096380000,3.27e-06,3.28e-06,23.381867507949345,target,3476857622.0
PEPE,1789097520000,1789097880000,3.2800000000000004e-06,3.2900000000000003e-06,23.34454601631483,target,3476477441.0
PEPE,1789098420000,1789098480000,3.2800000000000004e-06,3.2900000000000003e-06,23.34978789304658,target,3477258063.0
PEPE,1789100220000,1789100280000,3.2900000000000003e-06,3.3e-06,23.31245896411476,target,3476876803.0
PEPE,1789100940000,1789101000000,3.31e-06,3.32e-06,23.232606346040196,target,3475333784.0
PEPE,1789101420000,1789101480000,3.3e-06,3.31e-06,23.280328742451108,target,3477270910.0
PEPE,1789102080000,1789102140000,3.31e-06,3.32e-06,23.242993472299233,target,3476887580.0
PEPE,1789103220000,1789103280000,3.3e-06,3.31e-06,23.290737204540605,target,3478825572.0
PEPE,1789171920000,1789171980000,3.2900000000000003e-06,3.3e-06,23.33853908748009,target,3480766456.0
PEPE,1789172820000,1789172880000,3.3e-06,3.31e-06,23.30116937362485,target,3480383775.0
PEPE,1789173540000,1789173600000,3.3e-06,3.31e-06,23.306382442071072,target,3481162426.0
PEPE,1789174020000,1789174080000,3.3e-06,3.31e-06,23.311596682139296,target,3481941252.0
PEPE,1789174620000,1789174680000,3.3e-06,3.31e-06,23.316812087139454,target,3482720252.0
PEPE,1789175220000,1789175280000,3.3e-06,3.31e-06,23.322028657069737,target,3483499426.0
PEPE,1789176480000,1789176540000,3.3e-06,3.31e-06,23.327246391930135,target,3484278774.0
PEPE,1789177020000,1789177080000,3.3e-06,3.31e-06,23.332465298414355,target,3485058297.0
PEPE,1789177620000,1789177680000,3.3e-06,3.31e-06,23.33768536983052,target,3485837994.0
PEPE,1789178220000,1789178280000,3.3e-06,3.31e-06,23.34290660617498,target,3486617865.0
PEPE,1789178880000,1789178940000,3.3e-06,3.31e-06,23.348129014145087,target,3487397911.0
PEPE,1789180020000,1789180080000,3.31e-06,3.32e-06,23.31068501352619,target,3487013465.0
PEPE,1789181820000,1789181880000,3.31e-06,3.32e-06,23.31589068319002,target,3487792174.0
PEPE,1789182420000,1789182480000,3.32e-06,3.33e-06,23.27843937539867,target,3487406648.0
PEPE,1789183020000,1789183080000,3.32e-06,3.33e-06,23.28362833350126,target,3488184020.0
PEPE,1789183920000,1789183980000,3.32e-06,3.33e-06,23.288818453051377,target,3488961566.0
PEPE,1789184520000,1789184580000,3.32e-06,3.33e-06,23.294009727376235,target,3489739285.0
PEPE,1789185120000,1789185180000,3.32e-06,3.33e-06,23.299202156474006,target,3490517177.0
PEPE,1789186320000,1789186380000,3.3300000000000003e-06,3.34e-06,23.26171853614415,target,3490130313.0
PEPE,1789186920000,1789186980000,3.32e-06,3.33e-06,23.309580980473367,target,3492072057.0
PEPE,1789187580000,1789187640000,3.3300000000000003e-06,3.34e-06,23.272080664963042,target,3491685021.0
PEPE,1789188120000,1789188180000,3.3300000000000003e-06,3.34e-06,23.27725870346527,target,3492461921.0
PEPE,1789188720000,1789188780000,3.32e-06,3.33e-06,23.325153128024557,target,3494404963.0
PEPE,1789189320000,1789189380000,3.32e-06,3.33e-06,23.330352499127248,target,3495183895.0
PEPE,1789258380000,1789258440000,3.41e-06,3.42e-06,22.951968527354722,target,3485492563.0
PEPE,1789259580000,1789259640000,3.4200000000000003e-06,3.43e-06,22.914512584326236,target,3485096971.0
PEPE,1789260120000,1789260180000,3.4200000000000003e-06,3.43e-06,22.919527165875316,target,3485859645.0
PEPE,1789261320000,1789261380000,3.4200000000000003e-06,3.43e-06,22.924542838875,target,3486622485.0
PEPE,1789261920000,1789261980000,3.4200000000000003e-06,3.43e-06,22.929559616474457,target,3487385493.0
PEPE,1789262520000,1789262580000,3.4200000000000003e-06,3.43e-06,22.93457748552452,target,3488148667.0
PEPE,1789263720000,1789263780000,3.44e-06,3.45e-06,22.854612224968896,target,3486592254.0
PEPE,1789264320000,1789264380000,3.44e-06,3.45e-06,22.859595165541712,target,3487352428.0
PEPE,1789264920000,1789264980000,3.44e-06,3.45e-06,22.86457919424076,target,3488112768.0
PEPE,1789265520000,1789265580000,3.43e-06,3.44e-06,22.91207008506101,target,3490033524.0
PEPE,1789266120000,1789266720000,3.44e-06,3.45e-06,22.874559778245114,target,3489635359.0
PEPE,1789267020000,1789267080000,3.44e-06,3.45e-06,22.879547064779178,target,3490396196.0
PEPE,1789267620000,1789267680000,3.44e-06,3.45e-06,22.884535446001326,target,3491157200.0
PEPE,1789268220000,1789268280000,3.43e-06,3.44e-06,22.93206779064603,target,3493079633.0
PEPE,1789268820000,1789269540000,3.44e-06,3.45e-06,22.89452474159919,target,3492681120.0
PEPE,1789270020000,1789270080000,3.4600000000000003e-06,3.4700000000000002e-06,22.814478329395723,target,3491121397.0
PEPE,1789270620000,1789270680000,3.44e-06,3.45e-06,22.904490576855473,target,3494201461.0
PEPE,1789271220000,1789271280000,3.44e-06,3.45e-06,22.909484392170548,target,3494963294.0
PEPE,1789272120000,1789272180000,3.44e-06,3.45e-06,22.91447929561549,target,3495725293.0
PEPE,1789272720000,1789272780000,3.45e-06,3.46e-06,22.876905063706,target,3495325449.0
PEPE,1789273320000,1789273380000,3.44e-06,3.45e-06,22.924463098125543,target,3497248375.0
PEPE,1789273920000,1789273980000,3.45e-06,3.46e-06,22.886872490021098,target,3496848356.0
PEPE,1789274520000,1789274580000,3.44e-06,3.45e-06,22.934451240044076,target,3498772119.0
PEPE,1789275120000,1789275180000,3.44e-06,3.45e-06,22.939451590696567,target,3499534949.0
PEPE,1789344420000,1789344480000,3.3700000000000003e-06,3.3800000000000002e-06,23.243564625626863,target,3508462585.0
PEPE,1789345020000,1789345080000,3.3700000000000003e-06,3.3800000000000002e-06,23.248698437501183,target,3509237500.0
PEPE,1789346520000,1789346580000,3.36e-06,3.37e-06,23.29669648464968,target,3511182590.0
PEPE,1789347120000,1789347180000,3.3700000000000003e-06,3.3800000000000002e-06,23.258978927001067,target,3510789272.0
PEPE,1789347780000,1789347840000,3.3700000000000003e-06,3.3800000000000002e-06,23.264116137501247,target,3511564700.0
PEPE,1789348320000,1789348380000,3.3800000000000002e-06,3.39e-06,23.22639153449886,target,3511170300.0
PEPE,1789348920000,1789348980000,3.36e-06,3.37e-06,23.31728548680109,target,3514285680.0
PEPE,1789349580000,1789350060000,3.3700000000000003e-06,3.3800000000000002e-06,23.279534592750085,target,3513892014.0
PEPE,1789350420000,1789350480000,3.36e-06,3.37e-06,23.327596303340016,target,3515839684.0
PEPE,1789351020000,1789351080000,3.3800000000000002e-06,3.39e-06,23.246927861535486,target,3514274809.0
PEPE,1789351620000,1789351680000,3.39e-06,3.4e-06,23.20917122432398,target,3513879065.0
PEPE,1789352280000,1789352340000,3.4200000000000003e-06,3.43e-06,23.085776277576464,target,3511144681.0
PEPE,1789352820000,1789352880000,3.45e-06,3.46e-06,22.96255422306968,target,3508411646.0
PEPE,1789353480000,1789353540000,3.43e-06,3.44e-06,23.053057641966117,target,3511509161.0
PEPE,1789354140000,1789354200000,3.44e-06,3.45e-06,23.015316512474584,target,3511108545.0
PEPE,1789355220000,1789355280000,3.43e-06,3.44e-06,23.06312049366042,target,3513041964.0
PEPE,1789355820000,1789355880000,3.44e-06,3.45e-06,23.025362895572005,target,3512641174.0
PEPE,1789356420000,1789356480000,3.43e-06,3.44e-06,23.0731877439059,target,3514575437.0
PEPE,1789357020000,1789357080000,3.43e-06,3.44e-06,23.078227694405346,target,3515343137.0
PEPE,1789357620000,1789357680000,3.43e-06,3.44e-06,23.083268741260976,target,3516111004.0
PEPE,1789358280000,1789358340000,3.43e-06,3.44e-06,23.08831089103601,target,3516879039.0
PEPE,1789359420000,1789359480000,3.44e-06,3.45e-06,23.050512051105606,target,3516477811.0
PEPE,1789360020000,1789360080000,3.44e-06,3.45e-06,23.0555377040575,target,3517244501.0
PEPE,1789361220000,1789361280000,3.44e-06,3.45e-06,23.060564451690205,target,3518011358.0
PEPE,1789430880000,1789430940000,3.44e-06,3.45e-06,23.065592300563758,target,3518778383.0
PEPE,1789431420000,1789431480000,3.45e-06,3.46e-06,23.027770278590307,target,3518375902.0
PEPE,1789432020000,1789432080000,3.45e-06,3.46e-06,23.032781647645912,target,3519141581.0
PEPE,1789432620000,1789432680000,3.45e-06,3.46e-06,23.037794103170103,target,3519907426.0
PEPE,1789433220000,1789433400000,3.45e-06,3.46e-06,23.042807658254773,target,3520673439.0
PEPE,1789433820000,1789433880000,3.45e-06,3.46e-06,23.04782229981167,target,3521439618.0
PEPE,1789434480000,1789434540000,3.44e-06,3.45e-06,23.09573564504912,target,3523376910.0
PEPE,1789435140000,1789435200000,3.44e-06,3.45e-06,23.100771156719276,target,3524145104.0
PEPE,1789435620000,1789435920000,3.4600000000000003e-06,3.4700000000000002e-06,23.020003648084234,target,3522571331.0
PEPE,1789436280000,1789436340000,3.45e-06,3.46e-06,23.067901129350375,target,3524507430.0
PEPE,1789436820000,1789436880000,3.45e-06,3.46e-06,23.07292122943763,target,3525274443.0
PEPE,1789437420000,1789437480000,3.4600000000000003e-06,3.4700000000000002e-06,23.035026632835084,target,3524870181.0
PEPE,1789438020000,1789438320000,3.4600000000000003e-06,3.4700000000000002e-06,23.04003026014555,target,3525635847.0
PEPE,1789439820000,1789439880000,3.4600000000000003e-06,3.4700000000000002e-06,23.04503497880063,target,3526401680.0
PEPE,1789440420000,1789440480000,3.4600000000000003e-06,3.4700000000000002e-06,23.05004077572935,target,3527167678.0
PEPE,1789441020000,1789441080000,3.4700000000000002e-06,3.48e-06,23.012123100526377,target,3526762161.0
PEPE,1789441680000,1789441740000,3.4600000000000003e-06,3.4700000000000002e-06,23.06004631817797,target,3528698748.0
PEPE,1789442520000,1789442580000,3.45e-06,3.46e-06,23.108027117175578,target,3530638215.0
PEPE,1789444020000,1789444080000,3.4600000000000003e-06,3.4700000000000002e-06,23.070074863832154,target,3530233338.0
PEPE,1789444620000,1789444680000,3.45e-06,3.46e-06,23.1180765261593,target,3532173648.0
PEPE,1789445220000,1789445280000,3.4600000000000003e-06,3.4700000000000002e-06,23.08010776832568,target,3531768595.0
PEPE,1789445820000,1789445880000,3.45e-06,3.46e-06,23.12813030720661,target,3533709749.0
PEPE,1789446420000,1789446480000,3.44e-06,3.45e-06,23.176210606559646,target,3535653792.0
PEPE,1789447920000,1789447980000,3.45e-06,3.46e-06,23.138207192101284,target,3535249380.0
PEPE,1789517820000,1789517880000,3.39e-06,3.4e-06,23.402067864919296,target,3543083704.0
PEPE,1789518420000,1789518480000,3.39e-06,3.4e-06,23.40721764471667,target,3543863383.0
PEPE,1789519020000,1789519080000,3.3800000000000002e-06,3.39e-06,23.45562572692606,target,3545823995.0
PEPE,1789519980000,1789520040000,3.3800000000000002e-06,3.39e-06,23.460796831186833,target,3546605719.0
PEPE,1789521120000,1789521180000,3.3700000000000003e-06,3.3800000000000002e-06,23.509274149874052,target,3548569683.0
PEPE,1789521720000,1789521780000,3.3700000000000003e-06,3.3800000000000002e-06,23.514466645999345,target,3549353456.0
PEPE,1789524420000,1789524480000,3.34e-06,3.35e-06,23.649806337741307,target,3553689908.0
PEPE,1789525380000,1789525440000,3.36e-06,3.37e-06,23.568246552404183,target,3552109503.0
PEPE,1789526700000,1789526760000,3.3700000000000003e-06,3.3800000000000002e-06,23.53008934999968,target,3551711600.0
PEPE,1789527120000,1789527180000,3.3700000000000003e-06,3.3800000000000002e-06,23.53528644387544,target,3552496067.0
PEPE,1789528920000,1789528980000,3.39e-06,3.4e-06,23.453788423099358,target,3550914220.0
PEPE,1789529640000,1789529700000,3.3800000000000002e-06,3.39e-06,23.502292812182198,target,3552878732.0
PEPE,1789530180000,1789530240000,3.3800000000000002e-06,3.39e-06,23.507474202766588,target,3553662011.0
PEPE,1789530720000,1789530780000,3.3800000000000002e-06,3.39e-06,23.51265673774432,target,3554445463.0
PEPE,1789531320000,1789531380000,3.3800000000000002e-06,3.39e-06,23.517840417120848,target,3555229088.0
PEPE,1789531980000,1789532040000,3.39e-06,3.4e-06,23.479643774860385,target,3554828732.0
PEPE,1789533900000,1789533960000,3.4e-06,3.41e-06,23.441448505152536,target,3554427370.0
PEPE,1789534320000,1789535040000,3.4e-06,3.36e-06,-160.1976770761204,stop,3555208102.0
PEPE,1789537320000,1789537380000,3.3800000000000002e-06,3.39e-06,23.498051909220568,target,3552237628.0
PEPE,1789538520000,1789538580000,3.3800000000000002e-06,3.39e-06,23.503232367091424,target,3553020766.0
PEPE,1789539180000,1789539240000,3.3700000000000003e-06,3.3800000000000002e-06,23.551797374875964,target,3554988283.0
PEPE,1789539840000,1789539900000,3.3700000000000003e-06,3.3800000000000002e-06,23.55699926525014,target,3555773474.0
PEPE,1789540320000,1789540380000,3.3700000000000003e-06,3.3800000000000002e-06,23.562202301750318,target,3556558838.0
PEPE,1789540920000,1789540980000,3.36e-06,3.37e-06,23.610847591695407,target,3558530157.0
PEPE,1789603320000,1789603380000,3.4e-06,3.41e-06,23.442442839894806,target,3554578141.0
PEPE,1789603920000,1789603980000,3.4e-06,3.41e-06,23.44759198506951,target,3555358906.0
PEPE,1789604520000,1789604580000,3.41e-06,3.42e-06,23.409388117889396,target,3554956434.0
PEPE,1789605120000,1789605180000,3.4e-06,3.41e-06,23.457884135475723,target,3556919505.0
PEPE,1789605720000,1789605780000,3.4e-06,3.41e-06,23.463036670481557,target,3557700784.0
PEPE,1789607220000,1789607280000,3.39e-06,3.4e-06,23.511601922049994,target,3559667210.0
PEPE,1789607880000,1789607940000,3.39e-06,3.4e-06,23.516775810094856,target,3560450539.0
PEPE,1789608420000,1789608480000,3.4200000000000003e-06,3.43e-06,23.391745434550753,target,3557679914.0
PEPE,1789609020000,1789609080000,3.43e-06,3.44e-06,23.353510900201282,target,3557275080.0
PEPE,1789609860000,1789609920000,3.43e-06,3.44e-06,23.358612082455544,target,3558052107.0
PEPE,1789610220000,1789610280000,3.44e-06,3.45e-06,23.32037071645346,target,3557646181.0
PEPE,1789610820000,1789611660000,3.44e-06,3.4e-06,-160.55599373664052,stop,3558421847.0
PEPE,1789612140000,1789612200000,3.43e-06,3.44e-06,23.333737573184745,target,3554263149.0
PEPE,1789612680000,1789612740000,3.44e-06,3.45e-06,23.29553693508174,target,3553857656.0
PEPE,1789613220000,1789613400000,3.4600000000000003e-06,3.4700000000000002e-06,23.214088462490523,target,3552270614.0
PEPE,1789613820000,1789613880000,3.44e-06,3.45e-06,23.305677329984647,target,3555404627.0
PEPE,1789615320000,1789615380000,3.43e-06,3.44e-06,23.3540844054708,target,3557362438.0
PEPE,1789615920000,1789615980000,3.4600000000000003e-06,3.4700000000000002e-06,23.229266333275582,target,3554593165.0
PEPE,1789617180000,1789617240000,3.45e-06,3.46e-06,23.277599224881204,target,3556546864.0
PEPE,1789617720000,1789617780000,3.4600000000000003e-06,3.4700000000000002e-06,23.239368469559636,target,3556139016.0
PEPE,1789618320000,1789618380000,3.45e-06,3.46e-06,23.28772238292459,target,3558093565.0
PEPE,1789618920000,1789618980000,3.44e-06,3.45e-06,23.33613444921001,target,3560051022.0
PEPE,1789619820000,1789619880000,3.44e-06,3.45e-06,23.34122237466023,target,3560827212.0
PEPE,1789621020000,1789621080000,3.4600000000000003e-06,3.4700000000000002e-06,23.25961417403025,target,3559237058.0
PEPE,1789689720000,1789689780000,3.61e-06,3.62e-06,22.617951015711704,target,3542357246.0
PEPE,1789690320000,1789690380000,3.61e-06,3.62e-06,22.622727468200644,target,3543105320.0
PEPE,1789690920000,1789691160000,3.6000000000000003e-06,3.61e-06,22.670437829490968,target,3545025462.0
PEPE,1789692420000,1789692480000,3.6000000000000003e-06,3.61e-06,22.675234456794524,target,3545775521.0
PEPE,1789693020000,1789693080000,3.62e-06,3.63e-06,22.59415835662458,target,3544181703.0
PEPE,1789693620000,1789693680000,3.63e-06,3.64e-06,22.556017384966545,target,3543757641.0
PEPE,1789694220000,1789694280000,3.6400000000000003e-06,3.65e-06,22.517878660288886,target,3543332598.0
PEPE,1789695420000,1789695480000,3.6400000000000003e-06,3.65e-06,22.522606951875556,target,3544076625.0
PEPE,1789696020000,1789696080000,3.6400000000000003e-06,3.65e-06,22.52733624119569,target,3544820809.0
PEPE,1789696620000,1789696680000,3.65e-06,3.66e-06,22.489183787758822,target,3544394608.0
PEPE,1789697400000,1789697460000,3.6400000000000003e-06,3.65e-06,22.53678878258613,target,3546308227.0
PEPE,1789697820000,1789697880000,3.6400000000000003e-06,3.65e-06,22.54152104604487,target,3547052879.0
PEPE,1789698420000,1789698480000,3.6400000000000003e-06,3.65e-06,22.546254300886176,target,3547797687.0
PEPE,1789699020000,1789699080000,3.65e-06,3.66e-06,22.50806981350653,target,3547371129.0
PEPE,1789700400000,1789700460000,3.65e-06,3.66e-06,22.512787048170825,target,3548114586.0
PEPE,1789700820000,1789700880000,3.65e-06,3.66e-06,22.51750527265734,target,3548858199.0
PEPE,1789702020000,1789702080000,3.66e-06,3.67e-06,22.4793071098044,target,3548430483.0
PEPE,1789702620000,1789702680000,3.67e-06,3.68e-06,22.441111302774583,target,3548001787.0
PEPE,1789703220000,1789703280000,3.67e-06,3.68e-06,22.445796590801013,target,3548742544.0
PEPE,1789703820000,1789703880000,3.67e-06,3.68e-06,22.450482852875357,target,3549483455.0
PEPE,1789704420000,1789704480000,3.66e-06,3.67e-06,22.49809500301984,target,3551396212.0
PEPE,1789705320000,1789705380000,3.66e-06,3.67e-06,22.50280116682616,target,3552139095.0
PEPE,1789706220000,1789706280000,3.66e-06,3.67e-06,22.507508312555267,target,3552882133.0
PEPE,1789706820000,1789706880000,3.67e-06,3.68e-06,22.46926459250107,target,3552452900.0
PEPE,1789776420000,1789776480000,3.81e-06,3.82e-06,21.875467094917028,target,3536858059.0
PEPE,1789777020000,1789777080000,3.82e-06,3.83e-06,21.837365342000552,target,3536415440.0
PEPE,1789777620000,1789777680000,3.82e-06,3.83e-06,21.841794527474782,target,3537132717.0
PEPE,1789778220000,1789778280000,3.830000000000001e-06,3.8400000000000005e-06,21.803687980921293,target,3536689048.0
PEPE,1789778880000,1789778940000,3.82e-06,3.83e-06,21.85064697659997,target,3538566312.0
PEPE,1789779420000,1789779600000,3.82e-06,3.83e-06,21.855078866726416,target,3539284027.0
PEPE,1789784220000,1789784280000,3.7700000000000003e-06,3.7800000000000002e-06,22.072744085176154,target,3545822343.0
PEPE,1789784820000,1789784880000,3.7700000000000003e-06,3.7800000000000002e-06,22.077264686399683,target,3546548544.0
PEPE,1789785420000,1789785480000,3.7700000000000003e-06,3.7800000000000002e-06,22.081786215151073,target,3547274894.0
PEPE,1789786020000,1789786080000,3.7700000000000003e-06,3.7800000000000002e-06,22.086308671424867,target,3548001393.0
PEPE,1789786620000,1789786680000,3.76e-06,3.77e-06,22.133597731710964,target,3549895386.0
PEPE,1789787220000,1789787280000,3.7700000000000003e-06,3.7800000000000002e-06,22.095365118901245,target,3549456244.0
PEPE,1789787820000,1789789680000,3.7700000000000003e-06,3.76e-06,-55.5426160075528,time,3550183190.0
PEPE,1789790820000,1789790880000,3.7700000000000003e-06,3.7800000000000002e-06,22.088514960825492,target,3548355817.0
PEPE,1789791420000,1789791480000,3.8e-06,3.81e-06,21.964897563420955,target,3545584756.0
PEPE,1789792080000,1789792140000,3.79e-06,3.8e-06,22.012064349475516,target,3547472095.0
PEPE,1789794120000,1789794180000,3.7700000000000003e-06,3.7800000000000002e-06,22.102045490099215,target,3550529396.0
PEPE,1789795920000,1789795980000,3.7700000000000003e-06,3.7800000000000002e-06,22.106572092224667,target,3551256561.0
PEPE,1789797720000,1789797780000,3.76e-06,3.77e-06,22.153904534385898,target,3553152291.0
PEPE,1789799520000,1789799640000,3.76e-06,3.77e-06,22.15845054147081,target,3553881402.0
PEPE,1789800120000,1789800180000,3.7700000000000003e-06,3.7800000000000002e-06,22.12017500579931,target,3553441768.0
PEPE,1789800720000,1789800780000,3.7700000000000003e-06,3.7800000000000002e-06,22.124705318027104,target,3554169529.0
PEPE,1789802520000,1789802580000,3.76e-06,3.77e-06,22.172076585291737,target,3556066814.0
PEPE,1789803120000,1789803180000,3.75e-06,3.76e-06,22.219503334216522,target,3557966907.0
PEPE,1789862520000,1789862640000,4.12e-06,4.080000000000001e-06,-162.22326739991706,stop,3515892228.0
PEPE,1789864080000,1789864140000,4.1000000000000006e-06,4.1100000000000005e-06,20.70854445658593,target,3512899823.0
PEPE,1789864680000,1789864740000,4.12e-06,4.13e-06,20.628824749126657,target,3511289319.0
PEPE,1789865220000,1789865280000,4.12e-06,4.13e-06,20.632766715500395,target,3511960292.0
PEPE,1789865820000,1789865880000,4.12e-06,4.13e-06,20.63670943975041,target,3512631394.0
PEPE,1789870320000,1789870380000,4.06e-06,4.07e-06,20.89220309215449,target,3520169013.0
PEPE,1789870920000,1789871220000,4.04e-06,4.000000000000001e-06,-162.13513704179948,stop,3523145090.0
PEPE,1789876620000,1789876680000,4.0200000000000005e-06,4.03e-06,21.032911091900893,target,3520152484.0
PEPE,1789877280000,1789877340000,4.0100000000000006e-06,4.0200000000000005e-06,21.07909551667603,target,3521987555.0
PEPE,1789877820000,1789877880000,4e-06,4.01e-06,21.125332871337132,target,3523825333.0
PEPE,1789879020000,1789879080000,4e-06,4.01e-06,21.129468306265814,target,3524515147.0
PEPE,1789879620000,1789879680000,3.99e-06,4e-06,21.175767749974227,target,3526355995.0
PEPE,1789880520000,1789880580000,4e-06,4.01e-06,21.137749859215795,target,3525896557.0
PEPE,1789881360000,1789881420000,4e-06,4.01e-06,21.141887722122053,target,3526586776.0
PEPE,1789882920000,1789882980000,4.0100000000000006e-06,4.0200000000000005e-06,21.10386594140988,target,3526126306.0
PEPE,1789883580000,1789883640000,4.0200000000000005e-06,4.03e-06,21.06584774762519,target,3525664895.0
PEPE,1789884120000,1789884180000,4.0200000000000005e-06,4.03e-06,21.0699551000503,target,3526352318.0
PEPE,1789884720000,1789884780000,4e-06,4.01e-06,21.15840600939992,target,3529342120.0
PEPE,1789887420000,1789887480000,3.99e-06,4e-06,21.20476886144587,target,3531185489.0
PEPE,1789888020000,1789888140000,4e-06,4.01e-06,21.16669889889488,target,3530725421.0
PEPE,1789888620000,1789888680000,4e-06,4.01e-06,21.17084243306995,target,3531416586.0
PEPE,1789889220000,1789889280000,4e-06,4.01e-06,21.174986776569664,target,3532107886.0
PEPE,1789889820000,1789889880000,3.99e-06,4e-06,21.2213859635008,target,3533952700.0
PEPE,1789890420000,1789890480000,3.99e-06,4e-06,21.225548485381925,target,3534645876.0
PEPE,1789948920000,1789948980000,3.99e-06,4e-06,21.229711829945554,target,3535339189.0
PEPE,1789949520000,1789949580000,4e-06,4.01e-06,21.191597087099005,target,3534878580.0
PEPE,1789950720000,1789950780000,4.06e-06,4.07e-06,20.94260093994696,target,3528660647.0
PEPE,1789951320000,1789951380000,4.04e-06,4.05e-06,21.030939442364172,target,3531643903.0
PEPE,1789951920000,1789951980000,4.05e-06,4.06e-06,20.99285777576119,target,3531178768.0
PEPE,1789952520000,1789952580000,4.05e-06,4.06e-06,20.996926367300606,target,3531863140.0
PEPE,1789953120000,1789953180000,4.07e-06,4.08e-06,20.916713824574533,target,3530247059.0
PEPE,1789954320000,1789954380000,4.06e-06,4.07e-06,20.962886746203836,target,3532078643.0
PEPE,1789960020000,1789960740000,4.0200000000000005e-06,4.03e-06,21.135790332824826,target,3537370767.0
PEPE,1789961220000,1789961340000,4.0200000000000005e-06,4.03e-06,21.139911320199943,target,3538060472.0
PEPE,1789961820000,1789961880000,4.0100000000000006e-06,4.0200000000000005e-06,21.186330706801602,target,3539904880.0
PEPE,1789962420000,1789962480000,4.0100000000000006e-06,4.0200000000000005e-06,21.1904698131018,target,3540596460.0
PEPE,1789966020000,1789966080000,4.0100000000000006e-06,4.0200000000000005e-06,21.194609727374978,target,3541288175.0
PEPE,1789966620000,1789966680000,4e-06,4.01e-06,21.24110045788527,target,3543136023.0
PEPE,1789967340000,1789967400000,3.99e-06,4e-06,21.28764451498447,target,3544986597.0
PEPE,1789969020000,1789969080000,4.0200000000000005e-06,4.03e-06,21.16472017744988,target,3542212582.0
PEPE,1789969620000,1789969680000,4.0100000000000006e-06,4.0200000000000005e-06,21.211194036691545,target,3544059154.0
PEPE,1789970820000,1789970880000,4.0100000000000006e-06,4.0200000000000005e-06,21.21533800281038,target,3544751546.0
PEPE,1789972680000,1789972740000,4.0200000000000005e-06,4.03e-06,21.177118995550508,target,3544287698.0
PEPE,1789973220000,1789973280000,4.0200000000000005e-06,4.03e-06,21.181248043201656,target,3544978752.0
PEPE,1789974480000,1789974540000,4.03e-06,4.04e-06,21.143025228586087,target,3544513869.0
PEPE,1789975620000,1789975680000,4.0100000000000006e-06,4.0200000000000005e-06,21.231888838020662,target,3547516932.0
PEPE,1789977120000,1789977180000,4.0100000000000006e-06,4.0200000000000005e-06,21.23603684401351,target,3548209999.0
PEPE,1789978440000,1789978500000,4.03e-06,4.04e-06,21.155403092715215,target,3546588951.0
PEPE,1790036220000,1790036280000,4.87e-06,4.88e-06,17.165173877501513,target,3349302220.0
PEPE,1790036820000,1790036880000,4.93e-06,4.94e-06,16.76039998728617,target,3309062189.0
PEPE,1790038020000,1790038080000,5.04e-06,5e-06,-153.8383690007978,stop,3237339415.0
PEPE,1790038620000,1790038680000,5.01e-06,4.970000000000001e-06,-154.39433722897553,stop,3252118741.0
PEPE,1790039520000,1790039580000,5e-06,5.01e-06,16.253685789255343,target,3253991149.0
PEPE,1790040420000,1790040480000,5.02e-06,5.03e-06,16.12652572727507,target,3241512709.0
PEPE,1790041020000,1790041080000,5.04e-06,5.05e-06,16.000336766646107,target,3229129519.0
PEPE,1790041620000,1790041680000,5.06e-06,5.07e-06,15.875107763865003,target,3216840479.0
PEPE,1790042220000,1790042280000,5.070000000000001e-06,5.0800000000000005e-06,15.814004122201446,target,3210965304.0
PEPE,1790042820000,1790042880000,5.04e-06,5e-06,-153.51568125695792,stop,3230548848.0
PEPE,1790044920000,1790044980000,5.01e-06,5.02e-06,16.177806412390062,target,3245297174.0
PEPE,1790046120000,1790046240000,5.05e-06,5.06e-06,15.923257914155476,target,3220072379.0
PEPE,1790047020000,1790047080000,5.0800000000000005e-06,5.09e-06,15.735502147870504,target,3201526378.0
PEPE,1790048220000,1790048280000,5.14e-06,5.15e-06,15.364199426111087,target,3164613682.0
PEPE,1790048820000,1790048880000,5.1600000000000006e-06,5.1700000000000005e-06,15.243760783786321,target,3152794371.0
PEPE,1790049420000,1790049480000,5.23e-06,5.24e-06,14.824074913402121,target,3111033560.0
PEPE,1790050620000,1790050680000,5.32e-06,5.28e-06,-146.63989144409874,stop,3058821265.0
PEPE,1790051220000,1790051280000,5.28e-06,5.29e-06,14.511960189320355,target,3077828248.0
PEPE,1790056380000,1790056440000,5.14e-06,5.15e-06,15.351916101332122,target,3162083646.0
PEPE,1790056920000,1790056980000,5.19e-06,5.150000000000001e-06,-149.54040093194934,stop,3132064110.0
PEPE,1790057520000,1790057580000,5.14e-06,5.15e-06,15.332903892200253,target,3158167640.0
PEPE,1790059920000,1790059980000,5.14e-06,5.15e-06,15.33507630079115,target,3158615098.0
PEPE,1790061120000,1790061180000,5.15e-06,5.16e-06,15.275938669712156,target,3152928518.0
PEPE,1790061720000,1790061780000,5.15e-06,5.16e-06,15.278094355562688,target,3153373448.0
PEPE,1790121720000,1790121780000,4.97e-06,4.98e-06,16.4219072410489,target,3268041242.0
PEPE,1790122920000,1790122980000,4.97e-06,4.98e-06,16.42439778682447,target,3268536873.0
PEPE,1790123520000,1790123580000,4.96e-06,4.97e-06,16.492763667949546,target,3275623370.0
PEPE,1790124180000,1790124240000,4.94e-06,4.95e-06,16.62784519877847,target,3289385796.0
PEPE,1790127120000,1790127420000,4.94e-06,4.9000000000000005e-06,-155.8421219852994,stop,3289890690.0
PEPE,1790131380000,1790131440000,4.88e-06,4.89e-06,17.010187922640917,target,3325549936.0
PEPE,1790131920000,1790131980000,4.88e-06,4.89e-06,17.01286232084945,target,3326072790.0
PEPE,1790132520000,1790132580000,4.92e-06,4.93e-06,16.745217432477425,target,3299550233.0
PEPE,1790133120000,1790133180000,4.9100000000000004e-06,4.92e-06,16.814985753016046,target,3306781859.0
PEPE,1790134440000,1790134500000,4.92e-06,4.93e-06,16.7504100557496,target,3300573410.0
PEPE,1790134920000,1790134980000,4.95e-06,4.96e-06,16.553036103536108,target,3281077523.0
PEPE,1790135520000,1790135580000,4.95e-06,4.96e-06,16.55556671085053,target,3281579130.0
PEPE,1790136120000,1790136180000,4.95e-06,4.96e-06,16.55809770663067,target,3282080814.0
PEPE,1790136960000,1790137020000,4.94e-06,4.95e-06,16.627044906345624,target,3289227479.0
PEPE,1790137320000,1790137380000,4.94e-06,4.95e-06,16.629597019141144,target,3289732348.0
PEPE,1790137920000,1790137980000,5e-06,5.01e-06,16.237518467759052,target,3250754448.0
PEPE,1790138760000,1790138820000,5.02e-06,5.03e-06,16.110484889500412,target,3238288420.0
PEPE,1790139120000,1790139180000,5.03e-06,5.04e-06,16.04852293339671,target,3232330903.0
PEPE,1790139720000,1790139780000,5.02e-06,5.03e-06,16.115265496351697,target,3239249346.0
PEPE,1790140320000,1790140380000,5.01e-06,5.02e-06,16.182294073893658,target,3246197407.0
PEPE,1790141820000,1790141880000,5e-06,5.01e-06,16.249610478645444,target,3253175271.0
PEPE,1790142420000,1790142480000,5.01e-06,5.02e-06,16.187134583670925,target,3247168422.0
PEPE,1790144520000,1790144580000,4.9900000000000005e-06,5e-06,16.31965190856031,target,3260669712.0
PEPE,1790145120000,1790145180000,4.96e-06,4.97e-06,16.519256191504923,target,3280885043.0
PEPE,1790208120000,1790208180000,4.32e-06,4.33e-06,19.898922569950663,target,3506418074.0
PEPE,1790208720000,1790208780000,4.32e-06,4.33e-06,19.90257188437431,target,3507061125.0
PEPE,1790209320000,1790209380000,4.34e-06,4.35e-06,19.823262063345915,target,3505439799.0
PEPE,1790209920000,1790209980000,4.35e-06,4.36e-06,19.785435033285573,target,3504948633.0
PEPE,1790210580000,1790210640000,4.32e-06,4.33e-06,19.913485817374724,target,3508984285.0
PEPE,1790211420000,1790211480000,4.32e-06,4.33e-06,19.917137804725858,target,3509627807.0
PEPE,1790212320000,1790212380000,4.32e-06,4.33e-06,19.920790461723826,target,3510271447.0
PEPE,1790212920000,1790213160000,4.32e-06,4.33e-06,19.924443788375896,target,3510915205.0
PEPE,1790213820000,1790213880000,4.34e-06,4.35e-06,19.845046808534597,target,3509292097.0
PEPE,1790214420000,1790214480000,4.31e-06,4.32e-06,19.973310555149926,target,3513335190.0
PEPE,1790215140000,1790215200000,4.3e-06,4.31e-06,20.01858900282928,target,3515116594.0
PEPE,1790216220000,1790216280000,4.34e-06,4.35e-06,19.855974734115165,target,3511224533.0
PEPE,1790216820000,1790216880000,4.360000000000001e-06,4.3700000000000005e-06,19.776596349370294,target,3509600062.0
PEPE,1790217420000,1790217480000,4.360000000000001e-06,4.3700000000000005e-06,19.780193023362127,target,3510238336.0
PEPE,1790218020000,1790218080000,4.38e-06,4.39e-06,19.70086257896093,target,3508613104.0
PEPE,1790218620000,1790218680000,4.38e-06,4.39e-06,19.704430462261964,target,3509248524.0
PEPE,1790219220000,1790219580000,4.4e-06,4.360000000000001e-06,-163.3149052295972,stop,3507622535.0
PEPE,1790222220000,1790222280000,4.360000000000001e-06,4.3700000000000005e-06,19.761255518305642,target,3506877643.0
PEPE,1790223120000,1790223360000,4.360000000000001e-06,4.3700000000000005e-06,19.7648493973347,target,3507515421.0
PEPE,1790223720000,1790223780000,4.360000000000001e-06,4.3700000000000005e-06,19.76844393566062,target,3508153316.0
PEPE,1790224320000,1790224380000,4.3700000000000005e-06,4.38e-06,19.73058650437489,target,3507659823.0
PEPE,1790225520000,1790225580000,4.38e-06,4.39e-06,19.69273387821906,target,3507165428.0
PEPE,1790226780000,1790226840000,4.43e-06,4.44e-06,19.4894958527862,target,3502155589.0
PEPE,1790227320000,1790227380000,4.41e-06,4.42e-06,19.575645054587202,target,3505039401.0
PEPE,1790294520000,1790294580000,4.42e-06,4.43e-06,19.53781883462677,target,3504541495.0
PEPE,1790295120000,1790295180000,4.44e-06,4.45e-06,19.45869429152106,target,3502915264.0
PEPE,1790295720000,1790295840000,4.450000000000001e-06,4.4600000000000005e-06,19.420889833110355,target,3502414758.0
PEPE,1790296320000,1790296380000,4.43e-06,4.44e-06,19.50696484411507,target,3505294671.0
PEPE,1790297040000,1790297100000,4.44e-06,4.45e-06,19.469135075115936,target,3504794793.0
PEPE,1790297880000,1790297940000,4.44e-06,4.45e-06,19.47261657693243,target,3505421526.0
PEPE,1790298420000,1790298480000,4.450000000000001e-06,4.4600000000000005e-06,19.434785070790426,target,3504920662.0
PEPE,1790299140000,1790299200000,4.4600000000000005e-06,4.47e-06,19.396958628103924,target,3504418903.0
PEPE,1790301420000,1790301480000,4.42e-06,4.43e-06,19.565779221326686,target,3509556811.0
PEPE,1790302620000,1790302680000,4.450000000000001e-06,4.4600000000000005e-06,19.44520566175503,target,3506799939.0
PEPE,1790303400000,1790303460000,4.43e-06,4.44e-06,19.531388443769867,target,3509683458.0
PEPE,1790307720000,1790307780000,4.4e-06,4.41e-06,19.65918001212128,target,3513705096.0
PEPE,1790308920000,1790308980000,4.39e-06,4.4e-06,19.704216771019542,target,3515471324.0
PEPE,1790309520000,1790309580000,4.4e-06,4.41e-06,19.666278864194688,target,3514973881.0
PEPE,1790310120000,1790310180000,4.41e-06,4.42e-06,19.628345862974815,target,3514475535.0
PEPE,1790310720000,1790310780000,4.41e-06,4.42e-06,19.631878202340246,target,3515108004.0
PEPE,1790311380000,1790311440000,4.44e-06,4.45e-06,19.51108766832426,target,3512347015.0
PEPE,1790311920000,1790311980000,4.41e-06,4.42e-06,19.638922417629843,target,3516369278.0
PEPE,1790312580000,1790312640000,4.42e-06,4.43e-06,19.60097392315062,target,3515869762.0
PEPE,1790313780000,1790313840000,4.4e-06,4.41e-06,19.68750099013612,target,3518766933.0
PEPE,1790314920000,1790316360000,4.42e-06,4.43e-06,19.608029392276954,target,3517135317.0
PEPE,1790317320000,1790317380000,4.42e-06,4.43e-06,19.61155062360239,target,3517766928.0
PEPE,1790317980000,1790318040000,4.4e-06,4.41e-06,19.69812437329657,target,3520665661.0
PEPE,1790320380000,1790320440000,4.3700000000000005e-06,4.38e-06,19.826477966249016,target,3524707194.0
PEPE,1790380980000,1790381340000,4.48e-06,4.49e-06,19.373565258694747,target,3512885813.0
PEPE,1790381820000,1790381880000,4.49e-06,4.5e-06,19.335651960554696,target,3512380011.0
PEPE,1790382480000,1790382540000,4.49e-06,4.5e-06,19.33907297124189,target,3513001448.0
PEPE,1790384520000,1790384580000,4.47e-06,4.48e-06,19.425247121801647,target,3515881832.0
PEPE,1790385180000,1790385240000,4.47e-06,4.48e-06,19.428698688750348,target,3516506550.0
PEPE,1790385840000,1790385900000,4.48e-06,4.49e-06,19.390746590426662,target,3516001195.0
PEPE,1790386920000,1790386980000,4.51e-06,4.52e-06,19.270109360427256,target,3513237805.0
PEPE,1790387520000,1790387580000,4.5e-06,4.51e-06,19.314843360785865,target,3514985143.0
PEPE,1790388120000,1790388180000,4.48e-06,4.49e-06,19.40102601547158,target,3517865098.0
PEPE,1790389620000,1790389680000,4.49e-06,4.5e-06,19.363058982900437,target,3517358580.0
PEPE,1790390280000,1790390340000,4.48e-06,4.49e-06,19.40789911731021,target,3519111354.0
PEPE,1790393520000,1790393580000,4.4600000000000005e-06,4.47e-06,19.494263402280428,target,3521998808.0
PEPE,1790394120000,1790394180000,4.450000000000001e-06,4.4600000000000005e-06,19.539243588461183,target,3523758988.0
PEPE,1790394720000,1790394780000,4.450000000000001e-06,4.4600000000000005e-06,19.54273021792096,target,3524387776.0
PEPE,1790395620000,1790395680000,4.4600000000000005e-06,4.47e-06,19.504693678050025,target,3523883230.0
PEPE,1790396220000,1790396280000,4.47e-06,4.48e-06,19.46666226212687,target,3523377785.0
PEPE,1790396820000,1790396880000,4.450000000000001e-06,4.4600000000000005e-06,19.553171608181238,target,3526270804.0
PEPE,1790397780000,1790397840000,4.4600000000000005e-06,4.47e-06,19.515114749114666,target,3525765989.0
PEPE,1790398980000,1790399040000,4.47e-06,4.48e-06,19.477063013851357,target,3525260274.0
PEPE,1790399640000,1790399700000,4.47e-06,4.48e-06,19.480523785449833,target,3525886658.0
PEPE,1790400120000,1790400180000,4.47e-06,4.48e-06,19.483985170325735,target,3526513153.0
PEPE,1790401560000,1790401620000,4.47e-06,4.48e-06,19.48744716847542,target,3527139759.0
PEPE,1790401920000,1790401980000,4.4600000000000005e-06,4.47e-06,19.53246596674664,target,3528900807.0
PEPE,1790402580000,1790402640000,4.450000000000001e-06,4.4600000000000005e-06,19.57753430316446,target,3530664437.0
PEPE,1790467320000,1790468460000,4.360000000000001e-06,4.320000000000001e-06,-164.6819169929994,stop,3541546602.0
PEPE,1790468820000,1790468880000,4.34e-06,4.35e-06,20.010299712390076,target,3538514538.0
PEPE,1790469420000,1790469480000,4.34e-06,4.35e-06,20.013954165660447,target,3539160772.0
PEPE,1790470020000,1790470080000,4.34e-06,4.35e-06,20.01760928056547,target,3539807123.0
PEPE,1790470620000,1790470680000,4.33e-06,4.34e-06,20.063145758701243,target,3541596780.0
PEPE,1790471220000,1790471280000,4.33e-06,4.34e-06,20.0668175227856,target,3542244929.0
PEPE,1790471820000,1790472480000,4.34e-06,4.3e-06,-164.5851034937683,stop,3541749591.0
PEPE,1790473920000,1790473980000,4.34e-06,4.35e-06,19.99853602305042,target,3536434310.0
PEPE,1790474580000,1790474640000,4.360000000000001e-06,4.3700000000000005e-06,19.91858772176019,target,3534798176.0
PEPE,1790475300000,1790475360000,4.360000000000001e-06,4.3700000000000005e-06,19.922210215320927,target,3535441032.0
PEPE,1790475720000,1790475780000,4.38e-06,4.39e-06,19.842310201179355,target,3533804132.0
PEPE,1790476320000,1790476380000,4.38e-06,4.39e-06,19.845903700110558,target,3534444114.0
PEPE,1790476920000,1790476980000,4.360000000000001e-06,4.3700000000000005e-06,19.93305127348479,target,3537364911.0
PEPE,1790478420000,1790478480000,4.35e-06,4.36e-06,19.97850115727443,target,3539149895.0
PEPE,1790479020000,1790480880000,4.35e-06,4.34e-06,-58.45971265789416,time,3539794893.0
PEPE,1790481420000,1790481480000,4.33e-06,4.34e-06,20.055189243539957,target,3540192276.0
PEPE,1790482620000,1790482680000,4.34e-06,4.35e-06,20.016987801720543,target,3539697224.0
PEPE,1790483220000,1790483280000,4.33e-06,4.34e-06,20.062522869292067,target,3541486826.0
PEPE,1790484000000,1790484060000,4.31e-06,4.32e-06,20.150049843075305,target,3544423895.0
PEPE,1790485620000,1790485680000,4.32e-06,4.33e-06,20.11180400985169,target,3543930222.0
PEPE,1790486520000,1790486580000,4.32e-06,4.33e-06,20.115492368274978,target,3544580153.0
PEPE,1790487120000,1790487240000,4.33e-06,4.34e-06,20.077244204546087,target,3544085473.0
PEPE,1790487780000,1790487840000,4.35e-06,4.36e-06,19.99711000702891,target,3542446414.0
PEPE,1790488380000,1790488440000,4.35e-06,4.36e-06,20.000754413385984,target,3543092013.0
PEPE,1790553720000,1790553780000,4.360000000000001e-06,4.3700000000000005e-06,19.96252050901602,target,3542594589.0
PEPE,1790555160000,1790555220000,4.39e-06,4.4e-06,19.84065319338515,target,3539813237.0
PEPE,1790555520000,1790555580000,4.39e-06,4.350000000000001e-06,-164.79038297665258,stop,3540452959.0
PEPE,1790556420000,1790556480000,4.360000000000001e-06,4.3700000000000005e-06,19.939789696646557,target,3538560727.0
PEPE,1790557920000,1790557980000,4.33e-06,4.34e-06,20.069013803631872,target,3542632622.0
PEPE,1790559420000,1790559480000,4.33e-06,4.34e-06,20.072686644064913,target,3543280961.0
PEPE,1790561820000,1790561880000,4.3e-06,4.31e-06,20.20224753621263,target,3547365678.0
PEPE,1790569920000,1790570340000,4.21e-06,4.22e-06,20.58516893433035,target,3558369738.0
PEPE,1790570820000,1790570880000,4.2000000000000004e-06,4.21e-06,20.63130899494464,target,3560191371.0
PEPE,1790571420000,1790571480000,4.21e-06,4.22e-06,20.59290172647523,target,3559706435.0
PEPE,1790572140000,1790572200000,4.1900000000000005e-06,4.2000000000000004e-06,20.681380428434768,target,3562683967.0
PEPE,1790572620000,1790572740000,4.1900000000000005e-06,4.2000000000000004e-06,20.68527648321189,target,3563355122.0
PEPE,1790575620000,1790575680000,4.18e-06,4.19e-06,20.731538011074807,target,3565182805.0
PEPE,1790576220000,1790576280000,4.18e-06,4.19e-06,20.73545151189193,target,3565855806.0
PEPE,1790579220000,1790579280000,4.16e-06,4.17e-06,20.824209775606448,target,3568844863.0
PEPE,1790580120000,1790580180000,4.15e-06,4.16e-06,20.870628241436293,target,3570680623.0
PEPE,1790581320000,1790581380000,4.14e-06,4.15e-06,20.91709924852968,target,3572519086.0
PEPE,1790582220000,1790582520000,4.16e-06,4.17e-06,20.836077412889637,target,3570878734.0
PEPE,1790584020000,1790584080000,4.17e-06,4.18e-06,20.797558732925623,target,3570396349.0
PEPE,1790584620000,1790584680000,4.16e-06,4.17e-06,20.84396876608431,target,3572231151.0
PEPE,1790586120000,1790586240000,4.18e-06,4.14e-06,-165.0683607677074,stop,3570589677.0
PEPE,1790587020000,1790587200000,4.18e-06,4.19e-06,20.73181893372457,target,3565231115.0
PEPE,1790587620000,1790587740000,4.17e-06,4.18e-06,20.778133301575437,target,3567061511.0
PEPE,1790588220000,1790588280000,4.16e-06,4.17e-06,20.82449999100162,target,3568894600.0
PEPE,1790641320000,1790641380000,4.1900000000000005e-06,4.2000000000000004e-06,20.701196486731543,target,3566097586.0
PEPE,1790642580000,1790642640000,4.21e-06,4.22e-06,20.620384057390403,target,3564457054.0
PEPE,1790648340000,1790648400000,4.12e-06,4.13e-06,21.006396899125516,target,3575556919.0
PEPE,1790648820000,1790648880000,4.1100000000000005e-06,4.12e-06,21.05301770253064,target,3577403178.0
PEPE,1790650320000,1790650740000,4.13e-06,4.14e-06,20.97184689828055,target,3575762472.0
PEPE,1790651400000,1790651460000,4.13e-06,4.14e-06,20.97584629456786,target,3576444381.0
PEPE,1790652660000,1790652720000,4.17e-06,4.18e-06,20.80970944992394,target,3572482309.0
PEPE,1790653620000,1790653680000,4.17e-06,4.18e-06,20.81364574027537,target,3573158067.0
PEPE,1790654280000,1790654340000,4.16e-06,4.17e-06,20.860091676315594,target,3574994289.0
PEPE,1790655120000,1790655180000,4.17e-06,4.18e-06,20.821528602100713,target,3574511348.0
PEPE,1790656380000,1790656500000,4.17e-06,4.18e-06,20.825467129249773,target,3575187490.0
PEPE,1790656920000,1790656980000,4.17e-06,4.18e-06,20.829406402001084,target,3575863760.0
PEPE,1790658300000,1790658360000,4.16e-06,4.17e-06,20.875887505618966,target,3577701372.0
PEPE,1790659080000,1790659140000,4.15e-06,4.16e-06,20.92242116636159,target,3579541688.0
PEPE,1790659620000,1790660100000,4.18e-06,4.14e-06,-165.35253218585936,stop,3576736582.0
PEPE,1790660520000,1790660580000,4.15e-06,4.16e-06,20.89498966369516,target,3574848531.0
PEPE,1790661120000,1790661180000,4.18e-06,4.19e-06,20.771453898130623,target,3572047102.0
PEPE,1790661720000,1790661780000,4.1900000000000005e-06,4.2000000000000004e-06,20.73292062596859,target,3571562554.0
PEPE,1790663040000,1790663100000,4.2000000000000004e-06,4.21e-06,20.69439162064971,target,3571077070.0
PEPE,1790663520000,1790663580000,4.21e-06,4.22e-06,20.65586691025294,target,3570590650.0
PEPE,1790664720000,1790664780000,4.2000000000000004e-06,4.21e-06,20.702165439298934,target,3572418540.0
PEPE,1790665320000,1790665380000,4.2000000000000004e-06,4.21e-06,20.706057430840318,target,3573090152.0
PEPE,1790666520000,1790666580000,4.21e-06,4.22e-06,20.66751100453131,target,3572603458.0
PEPE,1790667720000,1790667780000,4.27e-06,4.28e-06,20.417282634051812,target,3566337578.0
PEPE,1790726640000,1790726700000,4.25e-06,4.26e-06,20.505674069340234,target,3569307932.0
PEPE,1790728920000,1790728980000,4.26e-06,4.27e-06,20.4671641300697,target,3568816762.0
PEPE,1790729520000,1790729580000,4.24e-06,4.25e-06,20.55565893150105,target,3571791300.0
PEPE,1790730720000,1790730780000,4.27e-06,4.28e-06,20.432467818700193,target,3568990012.0
PEPE,1790731320000,1790731380000,4.2800000000000005e-06,4.2900000000000004e-06,20.393959749209845,target,3568496894.0
PEPE,1790731980000,1790732040000,4.2900000000000004e-06,4.3e-06,20.355456253545768,target,3568002849.0
PEPE,1790732520000,1790732580000,4.2900000000000004e-06,4.3e-06,20.35921267086112,target,3568661292.0
PEPE,1790733120000,1790733180000,4.3e-06,4.31e-06,20.320706679849806,target,3568166230.0
PEPE,1790733720000,1790733780000,4.3e-06,4.31e-06,20.324448898519933,target,3568823336.0
PEPE,1790734320000,1790734380000,4.3e-06,4.31e-06,20.328191806285133,target,3569480563.0
PEPE,1790734920000,1790734980000,4.2900000000000004e-06,4.3e-06,20.374221858376963,target,3571292175.0
PEPE,1790736120000,1790736180000,4.2900000000000004e-06,4.3e-06,20.37798173862556,target,3571951225.0
PEPE,1790736720000,1790736780000,4.2900000000000004e-06,4.3e-06,20.381742314885713,target,3572610397.0
PEPE,1790737320000,1790737500000,4.2800000000000005e-06,4.2900000000000004e-06,20.427840812384588,target,3574425339.0
PEPE,1790739840000,1790739900000,4.27e-06,4.28e-06,20.473990883026254,target,3576242949.0
PEPE,1790741220000,1790741280000,4.27e-06,4.28e-06,20.477784869152327,target,3576905654.0
PEPE,1790741820000,1790741880000,4.2800000000000005e-06,4.2900000000000004e-06,20.439191396744867,target,3576411443.0
PEPE,1790742420000,1790742480000,4.2900000000000004e-06,4.3e-06,20.40060250291216,target,3575916302.0
PEPE,1790743260000,1790743320000,4.2800000000000005e-06,4.2900000000000004e-06,20.446743660660868,target,3577732924.0
PEPE,1790743800000,1790743860000,4.2800000000000005e-06,4.2900000000000004e-06,20.45052476181209,target,3578394534.0
PEPE,1790744700000,1790744760000,4.2800000000000005e-06,4.2900000000000004e-06,20.454306560190595,target,3579056266.0
PEPE,1790745120000,1790745180000,4.27e-06,4.28e-06,20.500516416750134,target,3580876230.0
PEPE,1790745720000,1790745780000,4.2800000000000005e-06,4.2900000000000004e-06,20.46188009533587,target,3580381469.0
PEPE,1790747520000,1790747580000,4.31e-06,4.32e-06,20.3384993441402,target,3577572444.0
PEPE,1790812920000,1790813280000,4.27e-06,4.28e-06,20.511875950299874,target,3582860428.0
PEPE,1790813820000,1790813880000,4.26e-06,4.27e-06,20.558163175861914,target,3584684076.0
PEPE,1790815020000,1790815080000,4.27e-06,4.28e-06,20.519486542025497,target,3584189789.0
PEPE,1790815620000,1790815680000,4.2900000000000004e-06,4.3e-06,20.43836744642054,target,3582535924.0
PEPE,1790816220000,1790816280000,4.2800000000000005e-06,4.2900000000000004e-06,20.484594019936715,target,3584355909.0
PEPE,1790818020000,1790818080000,4.31e-06,4.32e-06,20.361076309709766,target,3581543766.0
PEPE,1790818620000,1790818680000,4.2800000000000005e-06,4.2900000000000004e-06,20.49214737541518,target,3585677581.0
PEPE,1790819220000,1790819280000,4.2800000000000005e-06,4.2900000000000004e-06,20.49593687190033,target,3586340660.0
PEPE,1790820180000,1790820240000,4.2800000000000005e-06,4.2900000000000004e-06,20.499727065614586,target,3587003861.0
PEPE,1790820720000,1790820780000,4.3e-06,4.31e-06,20.418557275733548,target,3585348073.0
PEPE,1790823120000,1790823180000,4.3e-06,4.31e-06,20.42231751338565,target,3586008343.0
PEPE,1790823840000,1790823900000,4.32e-06,4.33e-06,20.341196272051175,target,3584351766.0
PEPE,1790824920000,1790824980000,4.32e-06,4.33e-06,20.34492669924999,target,3585009110.0
PEPE,1790826120000,1790826180000,4.35e-06,4.36e-06,20.221493337830417,target,3582195454.0
PEPE,1790826720000,1790826780000,4.360000000000001e-06,4.3700000000000005e-06,20.182837462900487,target,3581692540.0
PEPE,1790827380000,1790827440000,4.3700000000000005e-06,4.38e-06,20.144186448750357,target,3581188702.0
PEPE,1790827920000,1790827980000,4.3700000000000005e-06,4.38e-06,20.147842293751243,target,3581838630.0
PEPE,1790828520000,1790828580000,4.35e-06,4.36e-06,20.23619997972724,target,3584800705.0
PEPE,1790829180000,1790829240000,4.360000000000001e-06,4.3700000000000005e-06,20.197515984241974,target,3584297424.0
PEPE,1790829720000,1790830020000,4.360000000000001e-06,4.3700000000000005e-06,20.201189209705532,target,3584949283.0
PEPE,1790830920000,1790830980000,4.360000000000001e-06,4.3700000000000005e-06,20.204863100100333,target,3585601260.0
PEPE,1790831760000,1790831820000,4.360000000000001e-06,4.3700000000000005e-06,20.20853766106257,target,3586253356.0
PEPE,1790832120000,1790832180000,4.360000000000001e-06,4.3700000000000005e-06,20.21221288695059,target,3586905570.0
PEPE,1790832720000,1790832780000,4.35e-06,4.36e-06,20.25829929668692,target,3588715553.0
PEPE,1790899380000,1790899440000,4.42e-06,4.43e-06,19.96563718747537,target,3581280213.0
PEPE,1790899980000,1790900040000,4.43e-06,4.44e-06,19.92698776015569,target,3580770487.0
PEPE,1790900520000,1790900580000,4.44e-06,4.45e-06,19.8883434389753,target,3580259845.0
PEPE,1790901300000,1790901360000,4.41e-06,4.42e-06,20.018649929800354,target,3584359880.0
PEPE,1790901720000,1790901840000,4.42e-06,4.43e-06,19.979967685950122,target,3583850706.0
PEPE,1790902920000,1790902980000,4.41e-06,4.42e-06,20.025848123541635,target,3585648724.0
PEPE,1790903520000,1790903580000,4.41e-06,4.42e-06,20.02945200117008,target,3586294002.0
PEPE,1790906220000,1790906280000,4.41e-06,4.42e-06,20.0330565210758,target,3586939395.0
PEPE,1790906820000,1790906880000,4.44e-06,4.45e-06,19.90979762667419,target,3584121985.0
PEPE,1790907540000,1790907600000,4.44e-06,4.45e-06,19.913357931721208,target,3584762904.0
PEPE,1790908140000,1790908200000,4.42e-06,4.43e-06,20.00149792339992,target,3587712632.0
PEPE,1790909520000,1790909880000,4.44e-06,4.45e-06,19.92049557344059,target,3586047808.0
PEPE,1790910420000,1790910480000,4.44e-06,4.45e-06,19.92405778940597,target,3586689071.0
PEPE,1790911020000,1790911080000,4.450000000000001e-06,4.4600000000000005e-06,19.885349219275728,target,3586176595.0
PEPE,1790911680000,1790911740000,4.44e-06,4.45e-06,19.931176571900686,target,3587970580.0
PEPE,1790912220000,1790912460000,4.4600000000000005e-06,4.47e-06,19.85019484293133,target,3586304398.0
PEPE,1790912820000,1790912880000,4.47e-06,4.48e-06,19.811489749999883,target,3585790000.0
PEPE,1790913420000,1790913480000,4.47e-06,4.48e-06,19.815009942976054,target,3586427139.0
PEPE,1790914920000,1790914980000,4.49e-06,4.5e-06,19.734102809100857,target,3584759820.0
PEPE,1790915520000,1790915580000,4.57e-06,4.58e-06,19.400905018251024,target,3576203690.0
PEPE,1790916120000,1790916180000,4.58e-06,4.59e-06,19.362306885928042,target,3575679942.0
PEPE,1790916720000,1790916780000,4.7e-06,4.71e-06,18.85858777773013,target,3561584094.0
PEPE,1790917320000,1790917380000,4.65e-06,4.66e-06,19.07578532168685,target,3568902773.0
PEPE,1790917920000,1790917980000,4.6e-06,4.61e-06,19.28834303994119,target,3575225772.0
PEPE,1790985720000,1790985780000,4.24e-06,4.25e-06,20.818889754000185,target,3617530800.0
PEPE,1790986320000,1790986380000,4.25e-06,4.26e-06,20.77986035297839,target,3617034004.0
PEPE,1790987520000,1790987580000,4.2800000000000005e-06,4.2900000000000004e-06,20.655135746415574,target,3614196981.0
PEPE,1790988720000,1790988780000,4.27e-06,4.28e-06,20.701799310150374,target,3616034814.0
PEPE,1790990340000,1790990400000,4.27e-06,4.28e-06,20.705635512424514,target,3616704893.0
PEPE,1790991000000,1790991060000,4.25e-06,4.26e-06,20.795275302509943,target,3619717198.0
PEPE,1790992020000,1790992080000,4.26e-06,4.27e-06,20.756221486886886,target,3619219091.0
PEPE,1790992620000,1790992680000,4.25e-06,4.26e-06,20.803007015431337,target,3621063014.0
PEPE,1790993220000,1790993340000,4.26e-06,4.27e-06,20.7639386806702,target,3620564722.0
PEPE,1790993820000,1790993880000,4.26e-06,4.27e-06,20.767794372784593,target,3621237031.0
PEPE,1790995620000,1790995680000,4.26e-06,4.27e-06,20.77165077604107,target,3621909464.0
PEPE,1790996220000,1790996280000,4.27e-06,4.28e-06,20.732572501898932,target,3621410044.0
PEPE,1790996820000,1790996880000,4.26e-06,4.27e-06,20.77935775579174,target,3623253314.0
PEPE,1790997600000,1790997660000,4.27e-06,4.28e-06,20.740264984025842,target,3622753709.0
PEPE,1790998080000,1790998140000,4.27e-06,4.28e-06,20.744108313925953,target,3623425033.0
PEPE,1790998740000,1790998800000,4.25e-06,4.26e-06,20.833914661574838,target,3626442935.0
PEPE,1790999520000,1790999580000,4.26e-06,4.27e-06,20.794788283705618,target,3625943903.0
PEPE,1791002520000,1791002580000,4.23e-06,4.24e-06,20.927766433535854,target,3630141619.0
PEPE,1791003660000,1791003720000,4.23e-06,4.24e-06,20.931676665850752,target,3630819890.0
PEPE,1791004920000,1791004980000,4.24e-06,4.25e-06,20.892504750174798,target,3630322285.0
PEPE,1791005520000,1791005580000,4.25e-06,4.26e-06,20.853337346086008,target,3629823733.0
PEPE,1791006120000,1791006240000,4.25e-06,4.26e-06,20.857217639731424,target,3630499154.0
PEPE,1791006720000,1791006780000,4.25e-06,4.26e-06,20.86109865724527,target,3631174701.0
PEPE,1791007920000,1791007980000,4.24e-06,4.25e-06,20.908067455704252,target,3633026491.0
PEPE,1791073320000,1791073380000,4.31e-06,4.32e-06,20.610885130036056,target,3625485511.0
PEPE,1791074100000,1791074160000,4.3e-06,4.31e-06,20.65760892710064,target,3627323780.0
PEPE,1791075720000,1791075780000,4.3e-06,4.31e-06,20.661413192795127,target,3627991781.0
PEPE,1791076320000,1791076380000,4.2900000000000004e-06,4.3e-06,20.708197772746477,target,3629833089.0
PEPE,1791077880000,1791079500000,4.2900000000000004e-06,4.3e-06,20.71201928411071,target,3630502942.0
PEPE,1791079920000,1791080040000,4.2800000000000005e-06,4.2900000000000004e-06,20.758864790926374,target,3632347295.0
PEPE,1791080520000,1791080580000,4.2800000000000005e-06,4.2900000000000004e-06,20.7627036078607,target,3633019004.0
PEPE,1791081240000,1791081300000,4.2800000000000005e-06,4.2900000000000004e-06,20.766543133454746,target,3633690837.0
PEPE,1791082380000,1791082440000,4.27e-06,4.28e-06,20.81345839340248,target,3635538584.0
PEPE,1791082920000,1791082980000,4.27e-06,4.28e-06,20.817315285825458,target,3636212277.0
PEPE,1791083520000,1791083580000,4.27e-06,4.28e-06,20.821172893876916,target,3636886095.0
PEPE,1791084120000,1791084180000,4.26e-06,4.27e-06,20.86815808287136,target,3638737242.0
PEPE,1791085620000,1791085680000,4.27e-06,4.28e-06,20.828898254676204,target,3638235503.0
PEPE,1791086220000,1791086280000,4.26e-06,4.27e-06,20.875900871961576,target,3640087336.0
PEPE,1791086820000,1791086880000,4.26e-06,4.27e-06,20.87977735345124,target,3640763270.0
PEPE,1791087720000,1791087780000,4.27e-06,4.28e-06,20.84049565625115,target,3640261250.0
PEPE,1791088380000,1791088440000,4.27e-06,4.28e-06,20.84435756377287,target,3640935819.0
PEPE,1791089520000,1791089580000,4.27e-06,4.28e-06,20.84822018692489,target,3641610513.0
PEPE,1791090120000,1791090180000,4.2800000000000005e-06,4.2900000000000004e-06,20.808928568117505,target,3641107361.0
PEPE,1791090720000,1791092400000,4.2800000000000005e-06,4.2900000000000004e-06,20.81277664335055,target,3641780690.0
PEPE,1791092880000,1791092940000,4.2800000000000005e-06,4.2900000000000004e-06,20.816625427246944,target,3642454143.0
PEPE,1791093420000,1791093480000,4.2800000000000005e-06,4.2900000000000004e-06,20.820474925515626,target,3643127721.0
PEPE,1791094020000,1791094140000,4.2800000000000005e-06,4.2900000000000004e-06,20.82432513816206,target,3643801424.0
PEPE,1791094620000,1791094680000,4.27e-06,4.28e-06,20.871370930476687,target,3645654311.0
PEPE,1791158520000,1791158580000,4.38e-06,4.39e-06,20.40153893368108,target,3633399632.0
PEPE,1791159120000,1791159180000,4.39e-06,4.4e-06,20.36232887173601,target,3632886507.0
PEPE,1791159720000,1791159780000,4.39e-06,4.4e-06,20.366008789645683,target,3633543049.0
PEPE,1791161520000,1791161580000,4.41e-06,4.42e-06,20.283931626985712,target,3631858841.0
PEPE,1791162120000,1791162180000,4.41e-06,4.42e-06,20.287581943891656,target,3632512434.0
PEPE,1791162780000,1791162840000,4.41e-06,4.42e-06,20.29123291982662,target,3633166145.0
PEPE,1791163440000,1791163500000,4.42e-06,4.43e-06,20.252023961849353,target,3632650038.0
PEPE,1791164040000,1791164100000,4.4e-06,4.41e-06,20.341425041206406,target,3635643439.0
PEPE,1791165720000,1791165780000,4.41e-06,4.42e-06,20.302189796225342,target,3635127985.0
PEPE,1791166320000,1791166380000,4.43e-06,4.44e-06,20.220103539090317,target,3633441786.0
PEPE,1791166920000,1791166980000,4.43e-06,4.44e-06,20.2237270051957,target,3634092903.0
PEPE,1791167520000,1791167580000,4.42e-06,4.43e-06,20.270222612750878,target,3635914370.0
PEPE,1791168120000,1791168180000,4.44e-06,4.45e-06,20.18813197379037,target,3634227178.0
PEPE,1791169320000,1791169380000,4.44e-06,4.45e-06,20.19174204608117,target,3634877056.0
PEPE,1791170520000,1791170580000,4.44e-06,4.45e-06,20.195352768304936,target,3635527051.0
PEPE,1791171720000,1791171780000,4.4600000000000005e-06,4.47e-06,20.11329767497488,target,3633838785.0
PEPE,1791172320000,1791172380000,4.44e-06,4.45e-06,20.202560830760465,target,3636824632.0
PEPE,1791178920000,1791178980000,4.3700000000000005e-06,4.38e-06,20.506983631876217,target,3645685979.0
PEPE,1791180720000,1791180780000,4.43e-06,4.44e-06,20.252738251724047,target,3639306065.0
PEPE,1791181380000,1791181440000,4.44e-06,4.45e-06,20.213462207180847,target,3638787076.0
PEPE,1791182040000,1791182100000,4.42e-06,4.43e-06,20.302930513350624,target,3641781258.0
PEPE,1791183120000,1791183180000,4.43e-06,4.44e-06,20.26362815536462,target,3641262921.0
PEPE,1791183720000,1791183780000,4.44e-06,4.45e-06,20.22433099241618,target,3640743653.0
PEPE,1791184320000,1791184380000,4.49e-06,4.5e-06,20.013680763031033,target,3635546006.0
PEPE,1791244920000,1791244980000,4.38e-06,4.39e-06,20.489603976030676,target,3649083522.0
PEPE,1791245580000,1791245640000,4.38e-06,4.39e-06,20.493314699315334,target,3649744381.0
PEPE,1791246720000,1791246780000,4.38e-06,4.39e-06,20.497026096401278,target,3650405360.0
PEPE,1791247320000,1791247380000,4.3700000000000005e-06,4.38e-06,20.543871611252364,target,3652243842.0
PEPE,1791248220000,1791248280000,4.360000000000001e-06,4.3700000000000005e-06,20.590769098970625,target,3654085022.0
PEPE,1791248880000,1791248940000,4.3700000000000005e-06,4.38e-06,20.551336880625268,target,3653571001.0
PEPE,1791255420000,1791255480000,4.2800000000000005e-06,4.2900000000000004e-06,20.944735370414595,target,3664870581.0
PEPE,1791256080000,1791256140000,4.27e-06,4.28e-06,20.992053191952202,target,3666734182.0
PEPE,1791256620000,1791256680000,4.27e-06,4.28e-06,20.995943186325924,target,3667413657.0
PEPE,1791257220000,1791257280000,4.2800000000000005e-06,4.2900000000000004e-06,20.956373156386306,target,3666906939.0
PEPE,1791257820000,1791257880000,4.27e-06,4.28e-06,21.00371727260055,target,3668771576.0
PEPE,1791258420000,1791258480000,4.2800000000000005e-06,4.2900000000000004e-06,20.964132594766646,target,3668264671.0
PEPE,1791260220000,1791260280000,4.3e-06,4.31e-06,20.881123963540727,target,3666571372.0
PEPE,1791260820000,1791260880000,4.3e-06,4.31e-06,20.88496938700036,target,3667246600.0
PEPE,1791261420000,1791261480000,4.31e-06,4.32e-06,20.845398941085687,target,3666736841.0
PEPE,1791262080000,1791262140000,4.3e-06,4.31e-06,20.89265436807034,target,3668596026.0
PEPE,1791262620000,1791262680000,4.31e-06,4.32e-06,20.85306935911573,target,3668086079.0
PEPE,1791264000000,1791264060000,4.32e-06,4.33e-06,20.813489157850537,target,3667575182.0
PEPE,1791264420000,1791264480000,4.32e-06,4.33e-06,20.81730620257507,target,3668247789.0
PEPE,1791265260000,1791265320000,4.32e-06,4.33e-06,20.821123945325645,target,3668920519.0
PEPE,1791265680000,1791265740000,4.32e-06,4.33e-06,20.824942386102265,target,3669593372.0
PEPE,1791266220000,1791266280000,4.31e-06,4.32e-06,20.872205859330467,target,3671452218.0
PEPE,1791267720000,1791267780000,4.3e-06,4.31e-06,20.919522056829102,target,3673313794.0
PEPE,1791268620000,1791268680000,4.31e-06,4.32e-06,20.87988614083463,target,3672803191.0
PEPE,1791331320000,1791333180000,4.2800000000000005e-06,4.26e-06,-97.07391772320179,time,3677042338.0
PEPE,1791334320000,1791334380000,4.2800000000000005e-06,4.2900000000000004e-06,20.996345643748853,target,3673901250.0
PEPE,1791334920000,1791334980000,4.27e-06,4.28e-06,21.043780061175568,target,3675769443.0
PEPE,1791335520000,1791337020000,4.27e-06,4.23e-06,-170.4586316980789,stop,3676450592.0
PEPE,1791337620000,1791338100000,4.25e-06,4.21e-06,-170.20281588455907,stop,3673309936.0
PEPE,1791342420000,1791342480000,4.1100000000000005e-06,4.12e-06,21.68325972505042,target,3684496130.0
PEPE,1791343020000,1791343080000,4.1000000000000006e-06,4.1100000000000005e-06,21.731330705806585,target,3686400459.0
PEPE,1791343740000,1791343800000,4.1000000000000006e-06,4.1100000000000005e-06,21.735500198040054,target,3687107752.0
PEPE,1791344880000,1791344940000,4.1000000000000006e-06,4.1100000000000005e-06,21.73967049199689,target,3687815181.0
PEPE,1791345420000,1791345480000,4.1100000000000005e-06,4.12e-06,21.699897185009306,target,3687323226.0
PEPE,1791346620000,1791347040000,4.1000000000000006e-06,4.1100000000000005e-06,21.748005049321133,target,3689229016.0
PEPE,1791347820000,1791347880000,4.08e-06,4.09e-06,21.840186101825726,target,3692339155.0
PEPE,1791348420000,1791348480000,4.09e-06,4.1e-06,21.8003664554006,target,3691848680.0
PEPE,1791349320000,1791349380000,4.09e-06,4.1e-06,21.80455765315461,target,3692558451.0
PEPE,1791350520000,1791350580000,4.1000000000000006e-06,4.1100000000000005e-06,21.764734404975005,target,3692066905.0
PEPE,1791351120000,1791351180000,4.1100000000000005e-06,4.12e-06,21.72491524395537,target,3691574383.0
PEPE,1791352320000,1791352380000,4.12e-06,4.13e-06,21.68510020524936,target,3691080886.0
PEPE,1791352920000,1791352980000,4.1100000000000005e-06,4.12e-06,21.733227300344556,target,3692986797.0
PEPE,1791353520000,1791353580000,4.1100000000000005e-06,4.12e-06,21.73738873096888,target,3693693922.0
PEPE,1791354720000,1791354780000,4.1100000000000005e-06,4.12e-06,21.74155095607138,target,3694401182.0
PEPE,1791355320000,1791355380000,4.13e-06,4.14e-06,21.657725487569458,target,3692706818.0
PEPE,1791356520000,1791356580000,4.13e-06,4.14e-06,21.661855679220064,target,3693411028.0
PEPE,1791357180000,1791357240000,4.13e-06,4.14e-06,21.665986662643697,target,3694115373.0
PEPE,1791358320000,1791358380000,4.14e-06,4.15e-06,21.626141914880513,target,3693619456.0
PEPE,1791417720000,1791417780000,4.08e-06,4.09e-06,21.894596583861862,target,3701537884.0
PEPE,1791418920000,1791418980000,4.09e-06,4.1e-06,21.854677740139806,target,3701046188.0
PEPE,1791419580000,1791419640000,4.08e-06,4.09e-06,21.903024524289727,target,3702962726.0
PEPE,1791420180000,1791420240000,4.08e-06,4.09e-06,21.907243965880596,target,3703676072.0
PEPE,1791420720000,1791420780000,4.09e-06,4.1e-06,21.86730205735655,target,3703184091.0
PEPE,1791421320000,1791421380000,4.1000000000000006e-06,4.1100000000000005e-06,21.82736421724529,target,3702691131.0
PEPE,1791422520000,1791422640000,4.1000000000000006e-06,4.1100000000000005e-06,21.831552137250803,target,3703401550.0
PEPE,1791423720000,1791423780000,4.1000000000000006e-06,4.1100000000000005e-06,21.835740858974223,target,3704112105.0
PEPE,1791424320000,1791424380000,4.09e-06,4.1e-06,21.884097707906463,target,3706028401.0
PEPE,1791424920000,1791424980000,4.09e-06,4.1e-06,21.888305002690345,target,3706740898.0
PEPE,1791425820000,1791425880000,4.09e-06,4.1e-06,21.89251310645823,target,3707453532.0
PEPE,1791426420000,1791426480000,4.09e-06,4.1e-06,21.896722025119573,target,3708166304.0
PEPE,1791427020000,1791427080000,4.09e-06,4.1e-06,21.900931746860934,target,3708879212.0
PEPE,1791427860000,1791427920000,4.09e-06,4.1e-06,21.90514227758631,target,3709592257.0
PEPE,1791428220000,1791428280000,4.09e-06,4.1e-06,21.909353623201497,target,3710305440.0
PEPE,1791428820000,1791428820000,4.08e-06,4.04e-06,-171.05940969983925,entry_bar_stop,3712226773.0
PEPE,1791430620000,1791430680000,4.07e-06,4.08e-06,21.96908611237489,target,3707862635.0
PEPE,1791431220000,1791431280000,4.07e-06,4.08e-06,21.973326812624443,target,3708578365.0
PEPE,1791432780000,1791432960000,4.06e-06,4.07e-06,22.021832177256456,target,3710502473.0
PEPE,1791436020000,1791436080000,4.03e-06,4.04e-06,22.159082051430403,target,3714850302.0
PEPE,1791436620000,1791436680000,4.04e-06,4.05e-06,22.11902624595019,target,3714362090.0
PEPE,1791437220000,1791437280000,4.05e-06,4.06e-06,22.078974331050592,target,3713872890.0
PEPE,1791437820000,1791437880000,4.05e-06,4.06e-06,22.08325341720556,target,3714592669.0
PEPE,1791438420000,1791438480000,4.03e-06,4.04e-06,22.176291386609044,target,3717735354.0
