pair,strategy,direction,entry_ts,exit_ts,entry,exit,notional,pnl,fees,reason,episode
SOL/USD,swing_trend,-1,1753920000000,1754010000000,177.68111500000003,168.94696091856449,1936.8010719807255,91.4276644355338,3.778396083442475,target,3
SOL/USD,swing_trend,-1,1754092800000,1754265600000,162.628645,162.050985,1468.4983566684389,2.2843531507896087,2.9317805796064818,time,3
ETH/USD,swing_trend,1,1759449600000,1759622400000,4486.592175,4484.906425,2923.2731518114265,-6.943811135354388,5.845447940427928,time,7
ETH/USD,swing_trend,1,1759795200000,1759852800000,4686.36201,4480.712614105574,3232.464170330625,-148.17176792281953,6.323079652390821,stop,8
ETH/USD,swing_trend,1,1761501600000,1761519600000,4061.4597149999995,4159.171250364036,3763.5701029398533,82.92715326856077,7.61768504419246,target,9
BNB/USD,swing_trend,1,1761523200000,1761566400000,1138.759095,1165.458530849467,3855.5629449012513,82.5963101666905,7.8015237236928865,target,9
ETH/USD,swing_trend,1,1761544800000,1761681600000,4235.33661,4044.7717020710434,3160.2863883375862,-148.37243319257382,6.178378722204803,stop,9
BNB/USD,swing_trend,1,1761588000000,1761685200000,1151.23533,1077.321467828902,2250.9783583583844,-148.87914988859072,4.357435001830009,stop,9
ETH/USD,swing_trend,1,1762819200000,1762992000000,3569.6339249999996,3413.2125400000004,2343.1832092939594,-107.26199367806865,4.583688113022872,time,10
